person,job,label,theme,text
שלמה קרעי,חבר כנסת הליכוד,4,על כוונות הקואליציה החדשה,"הם מחוקקים חוק בקווי היסוד שלהם בהסכמים הקואליציונים שלא רק להגביל את הכהונה שלו כראש ממשלה, שהוא לא יוכל בכלל להתמודד בכנסת"
מנסור עבאס,"יו""ר רע""מ הרשימה המשותפת",3,"על הצטרפות רע""ם לקואליציה",זאת פעם ראשונה שמפלגה ערבית שותפה להקמת ממשלה
ינון אזולאי,"חבר כנסת ש""ס",4,על חלוקת התפקידים בקואליציה,אני עדיין לא ראיתי ממשלה ששניים מאותה מפלגה לוקחים גם את ועדת כספים וגם את משרד האוצר
מוחמד ברכה,"יו""ר ועדת המעקב של ערביי ישראל",5,על פגיעה בבתי כנסת בלוד,לא הייתה פגיעה בשום בית כנסת בלוד
מירב בן-ארי,חברת כנסת יש עתיד,5,על הכוונה לחסן בני נוער,"רוצים לחסן ילדים על-סמך ניסוי שנוסה על 2,200 ילדים. אין הצדקה אפידמיולוגית קלינית לחסן ילדים וידוע שהם לא מדביקים"
אלי כהן,שר המודיעין הליכוד,4,על גידול האוכלוסייה בעוטף עזה,במהלך העשור האחרון עוטף עזה הפך לאזור פורח עם כמעט הכפלה של האוכלוסייה שנמצאת שם
מירי רגב,שרת התחבורה הליכוד,2,על הכספים הקטאריים לחמאס,"הכסף הזה עבר בתקופתו של ליברמן, בתקופתו של בוגי"
עיסאווי פריג',חבר כנסת מרצ,2,על עליית יהודים להר הבית,בסטטוס קוו שהיה עד שנת 2000 מבקרים יהודים יכולים לעלות להר הבית
אבי דיכטר,חבר כנסת הליכוד,0,על השקפת העולם של מרצ,מרצ דרשה להחליף את המנון התקווה באינטרנציונל
שמחה רוטמן,חבר כנסת הציונות הדתית,1,"על האפשרות להקים ממשלה בתמיכת רע""ם",ממשלת מיעוט מעולם לא קמה במדינת ישראל
אמילי מואטי,חברת כנסת העבודה,1,על התגובה לביטול משפטו של רוצח שרה אלימי בצרפת,"לפי החוק הישראלי, אזרח ישראלי יכול לפנות לבימש על עבירה [בחול] על רקע אנטישמי"
מרב מיכאלי,"יו""ר העבודה העבודה",1,על הרצל וזכויות נשים,"מחזון הרצל למדינת היהודים נעדרת המילה שוויון, ונשים מוזכרות רק בהקשרי הריון ולידה או כדבר שיש 'לתת ולקחת' למען האומה"
בנימין נתניהו,ראש הממשלה הליכוד,5,על הפתרון שלו לפלונטר הפוליטי,"הציבור יחליט מי ירכיב את הממשלה, ולאחר מכן אפשר יהיה להפיל אותה באי-אמון קונסטרוקטיבי. עושים את זה בהרבה מדינות, כולל אירופה"
אלעזר שטרן,חבר כנסת יש עתיד,4,"על הטיפול של אגף השיקום בנכי צה""ל","כמות נכי צהל הולכת וגדלה עם השנים, למרות שהמלחמות הולכות ופוחתות"
מירב בן-ארי,חברת כנסת יש עתיד,1,על זהות יושבי ראש הכנסת לדורותיהם,עד היום בכל ה-70 שנה הייתה יושבת ראש [כנסת] אחת
שרן השכל,חברת כנסת תקווה חדשה,2,על הבקשה שלא תיכנס למליאת הכנסת עם תינוקת,אכן התבקשתי לצאת מהמליאה. בפרוטוקול אסור להכניס תינוקות למליאת הכנסת
אבי דיכטר,חבר כנסת הליכוד,0,"על ביטול מעקב השב""כ אחרי מגעים עם חולי קורונה","לפי משרד הבריאות, איכוני שבכ מנעו 210 מתים ו-30 אלף חולים מקורונה בחודשיים האחרונים"
יועז הנדל,חבר כנסת תקווה חדשה,5,על ניסיון להטעות את בוחריו ביום הבחירות,הקימו מפלגת קש כדי לגרום לאובדן קולות של תקווה חדשה. נתניהו מפחד רק מהמנדטים של תקווה חדשה [...] הוא ינסה לרמות
בנימין נתניהו,ראש הממשלה הליכוד,5,על תמיכתו בהתיישבות יהודית מעבר לקו הירוק,"אוכלוסיית יהודה ושומרון הכפילה את עצמה בעשור האחרון. חרף כל הקשיים, היא הכפילה!"
יובל שטייניץ,שר האנרגיה הליכוד,3,על טיפולו במשבר הכלכלי ב-2009,"כשנתניהו מינה אותי לאוצר התקרבנו ל-10% אבטלה, והתחזיות היו שכמו ספרד, יוון ואיטליה נגיע גם ל-25%. בפחות משנה הורדנו את האבטלה למינימום לפני כולם"
בנימין נתניהו,ראש הממשלה הליכוד,4,על המקום שבו ביקר בסיור בחירות בדרום,ראש הממשלה נתניהו ברהט
נפתלי בנט,"יו""ר ימינה ימינה",0,על התשלום השנתי למובטלים,אם תהפוך את המס בישראל למאוד נמוך [...] לא נבזבז 18 מיליארד שקל על דמי אבטלה כי לא יהיו כמעט מובטלים
אלי כהן,שר המודיעין הליכוד,3,על פתיחת החקירה בעניין ישראל בבית הדין הפלילי הבינלאומי,בית הדין קובע שגם הבנייה בירושלים היא עבירה
מיקי זוהר,"יו""ר הקואליציה הליכוד",5,"על פסיקת בג""ץ לגבי גיור רפורמי בישראל","אחרי החלטת בגץ, כל אדם בעולם ייגש לרב רפורמי ויקבל אישור עלייה תוך 30 יום"
אביגדור ליברמן,"יו""ר ישראל ביתנו ישראל ביתנו",0,על תעסוקת חרדים,"אם החרדים יעבדו המדינה תרוויח 20 מיליארד שקל בשנה, שבהם אפשר להוסיף 20 בתיח, 2,000 רופאים, להגדיל פי 10 את קצבת הזקנה"
מרב מיכאלי,"יו""ר העבודה העבודה",4,על תוצאות המדיניות הכלכלית של נתניהו,הפערים בין עניים לעשירים בישראל בתקופת נתניהו הם הגבוהים אי פעם. העוני בתקופת נתניהו גדול מבכל תקופה אחרת
יפעת שאשא ביטון,"יו""ר ועדת הקורונה תקווה חדשה",0,על טורניר הג'ודו שישראל מארחת,600 אנשים שנכנסים ללא בידוד [...] כשעוד מאוגוסט דרשתי שיהיו בדיקות לכל מי שנכנס לישראל
יריב לוין,שר התיירות הליכוד,2,על גל ההתפטרויות בכנסת ה-23,"זה דבר שלא היה כדוגמתו: למעלה מ-20 חכים באים והולכים, חלק לא מבוטל נבחרו במפלגות אווירה או עברו אליהן"
זאב אלקין,מועמד לכנסת תקווה חדשה,3,על מינוי צמרת הליכוד לתפקידים בכירים בממשלה,"״המשמעות של דמוקרטיה ליכודית נעלמה. זה לא רק גדעון סער, זה כל העשירייה הפותחת. בעבר תמיד מי שזכה בראשות [המפלגה] הציע למפסיד תפקיד בכיר״"
נפתלי בנט,"יו""ר ימינה ימינה",4,על ההצדקה לתוכנית הפחתת המס של ימינה,"עד 2003 סינגפור דמתה לישראל בתמג לנפש. מאז רפורמות להפחתת מס, ייעול המגזר הציבורי ופתיחת שווקים, תושביה התעשרו כמעט פי 2 מאיתנו"
אמיר אוחנה,השר לבטחון פנים הליכוד,3,על הפשיעה בחברה הערבית,20% מהאוכלוסייה מחוללת 60% מהפשיעה
מרב מיכאלי,"יו""ר העבודה העבודה",2,על השוויון המגדרי ברשימת העבודה,"גבר-אישה-אישה-גבר לסירוגין, כל הרשימה: פעם ראשונה במדינת ישראל"
אביגדור ליברמן,"יו""ר ישראל ביתנו ישראל ביתנו",5,על הנטל הכלכלי של החינוך החרדי,כל הקצבאות הילדים וכל התמיכות בישיבות וקצבאות לאברכים זה 7 מיליארד שקל
יואב קיש,סגן שר הבריאות הליכוד,3,על כניסה לישראל ללא בדיקת קורונה,"הבעיה היא דווקא אי-שמירת הבידוד. מעל 50%, אולי 70% מהתחלואה מתגלה בתקופת הבידוד"
עאידה תומא סלימאן,חברת כנסת הרשימה המשותפת,4,על התמיכה בציבור הערבי בהחרמת ההלוויה של פרס,"בבחירות אחרי הלוויית פרס שוב הייתה ירידה בייצוג המפלגות הציוניות באוכלוסייה הערבית, ועלייה בייצוג הרשימה המשותפת"
אביגדור ליברמן,"יו""ר ישראל ביתנו ישראל ביתנו",0,על הצביעות הפוליטית של הליכוד,"כשהגשתי הצח לריבונות בבקעה, נתניהו והליכוד הצביעו נגד עם הרשימה המשותפת"
יובל שטייניץ,שר האנרגיה הליכוד,2,על התגובות לגילוי מוטציית הקורונה הבריטית,הרבה מדינות אירופיות אמרו גם לאזרחים שלהן: מי שבבריטניה שיישאר כמה שבועות עד שיתבהר המצב
יובל שטייניץ,שר האנרגיה הליכוד,3,על מבצע החיסון נגד קורונה,מדינת ישראל היא המדינה הראשונה בעולם שכבר הבטיחה לעצמה מנות חיסון לכל אזרחיה
יואב גלנט,שר החינוך הליכוד,5,על הצמיחה בישראל,התוצר לנפש במדינת ישראל עלה פי 2 בעשור האחרון
ניצן הורוביץ,"יו""ר מרצ מרצ",5,על הייצוג השוויוני במרצ,אנחנו המפלגה הראשונה בתולדות ישראל שמציבה שני מועמדים ערבים בחמישייה הראשונה
הליכוד,מפלגה,4,על התוכנית לפיתוח כלכלי בחברה הערבית,נתניהו הביא 15 מיליארד שקל למגזר הערבי - פי 100 יותר מכל ראש ממשלה קודם בישראל
מנסור עבאס,"יו""ר רע""מ הרשימה המשותפת",2,על דפוסי ההצבעה של הציבור הערבי,"נָתַנּוּ לברק 98% מהקולות שלנו לראשות הממשלה, הפנה אלינו עורף - ואתה יודע מה קיבלנו"
ירון זליכה,"יו""ר המפלגה ""הכלכלית""",0,על הישגיו כחשב הכללי באוצר,התקופה שאני כיהנתי באוצר הייתה תקופת הצמיחה הכי ארוכה והכי חזקה בישראל
איילת שקד,חברת כנסת ימינה,2,על הצניחה בתוצר בגלל הקורונה,"לראשונה בהיסטוריה התוצר של ישראל יורד. לא [כשהיתה] אינפלציה, לא במלחמת יום כיפור - היום!"
אלי אבידר,חבר כנסת ישראל ביתנו,4,על הישגי נתניהו בבחירות האחרונות,בשלוש מערכות הבחירות האחרונות נתניהו כל פעם יורד. המצב הכי טוב שלו היה בסבב הראשון
אמיר אוחנה,השר לבטחון פנים הליכוד,2,על השפעת נתניהו על מערכת המשפט,"העליון קבע שזה תקין שרמ עם כתב אישום יקבע מי יהיה שר המשפטים, ומי יקבע מי יהיו השופטים"
איציק שמולי,שר העבודה והרווחה העבודה,3,על הישגיו במשרד הרווחה,"בזמן שאין תקציב הכפלתי את מספר המפקחים [במעונות] פי שישה. היו רק 20, היום יש 120"
צחי הנגבי,השר לענייני התיישבות הליכוד,5,על הסיוע הממשלתי במגפת הקורונה,כ-150 מיליארד שקל הופנו למענקים לבעלי עסקים. זה מה שהמדינה הקצתה
יוליה מלינובסקי,חברת כנסת ישראל ביתנו,3,על לימודי הליבה של תלמידים חרדים,"הילדים החרדים פשוט לוקחים מהם עתיד. הם לא לומדים לימודי ליבה לא מתמטיקה, לא אנגלית"
מירי רגב,שרת התחבורה הליכוד,5,על ההכנות לחיסון מפני קורונה,"גרמניה - אין לה את החיסונים! ראש הממשלה הימר נכון, והביא את החיסונים"
אביגדור ליברמן,"יו""ר ישראל ביתנו ישראל ביתנו",4,על התמותה מקורונה בישראל,תשווה כמה מתים למיליון איש בקפריסין וכמה אצלנו. אצלנו דומני פי 40
יאיר לפיד,"ראש האופוזיציה יש עתיד-תל""ם",5,על הכוח האלקטורלי שלו ושל בני גנץ,"במערכת הבחירות הראשונה והשנייה שנינו היינו על הפתק כמועמדים משותפים, והיה 35 מנדטים. דווקא הירידה הייתה כשירדתי מהפתק"
רם שפע,חבר כנסת כחול לבן,4,על כללי אישור תקציב המדינה,נסביר: ממשלה אמורה כל שנה לסגור מראש את התקציב. מה שהיינו אמורים לסגור בתחילת 21' זה תקציב 22'
קטי שטרית,חברת כנסת הליכוד,4,על החלטות ועדת השרים לחקיקה,"הגשתי 19 הצעות חוק - אחת לא עברה. אבל כשהאופוזיציה מגישה, מיד זה עולה"
יאיר לפיד,"ראש האופוזיציה יש עתיד-תל""ם",4,על סגירת בתי הספר בשל הקורונה,אנחנו המדינה היחידה - אנחנו ובנגלדש - [שבה] ממרץ ילדים לא היו בבית ספר
אביגדור ליברמן,"יו""ר ישראל ביתנו ישראל ביתנו",5,על נסיעת נתניהו לערב הסעודית,רהמ נוסע לערב הסעודית ולא מעדכן - בניגוד לחוק שקובע שכשהוא עוזב את ישראל הוא ימנה ממ. כשהוא הלך לניתוחון בישראל מינו ממ
מירי רגב,שרת התחבורה הליכוד,5,על הגדרת סעודיה ובחריין כמדינות ירוקות לקורונה,"מי שקובע מי המדינות הירוקות זה לא אנחנו, אלא הארגון הרפואי הבינלאומי"
עמיר פרץ,שר הכלכלה העבודה,4,על מצב העבודה בסקרי הבחירות,"העבודה הייתה גם הייתה בשפל כזה.
אחרי שברק... היא לא עברה בסקרים את אחוז החסימה"
יולי אדלשטיין,שר הבריאות הליכוד,5,על חוק שיחייב התחסנות מפני קורונה,למיטב ידיעתי אין אף מדינה דמוקרטית שבה יש חוק חיסון חובה
יפעת שאשא ביטון,"יו""ר ועדת הקורונה תקווה חדשה",5,על הקריטריונים להקלת הגבלות הקורונה,"כשהתחילו לצאת מהסגר השני יצרו את מקדם ההדבקה, הכוכב החדש בשיח שהוא מקדם הפחדה להכשרת המגבלות הבאות"
"ישראל כ""ץ",שר האוצר הליכוד,3,על ביטול המכס ביבוא חמאה,"הביקוש [לחמאה] גדל, אבל לא רק מהיבוא. גם התוצרת המקומית נמכרה יותר מאשר קודם"
יואב גלנט,שר החינוך הליכוד,5,"על כך שבתיה""ס לא אשמים בגל הקורונה",בסוף אוגוסט היו במדינת ישראל כמיליון חולים - 15% מהאוכלוסייה לפי הבדיקות
בנימין נתניהו,ראש הממשלה הליכוד,4,על היציבות הפיננסית של ישראל,"S&P משאירה את דירוג האשראי של ישראל ברמתו הגבוהה בזמן משבר הקורונה, בשעה שהיא הורידה אותו למדינות מפותחות"
שלמה קרעי,חבר כנסת הליכוד,3,על השפעת ההצמדה של שכר בכירים לשכר הממוצע,"יש קרוב לאלף בכירים [כאלה] במגזר הציבורי, שמקבלים שני מיליארד שקלים בשנה"
גדעון סער,חבר כנסת הליכוד,3,על ההצדקה לבחירות אזוריות לכנסת,"יש תת-ייצוג לאזורים שלמים בישראל בדגש על פריפריה, או האזורים היותר-מרוחקים מהמרכז. ויש ייצוג-יתר למרכז"
רפי פרץ,שר לירושלים ומורשת הבית היהודי,2,על מצוקת המלונות בירושלים,"85% מהתיירים בירושלים זרים, והתפוסה ירדה ל-3%. יש בעיר 17 אלף חדרים, פי 1.5 יותר מאילת, ויותר מכל שאר הארץ יחד"
אורלי לוי-אבקסיס,השרה לחיזוק וקידום קהילתי סיעת יחיד,3,על הצדקת קיומו של המשרד שלה,יש מדינות שכבר יש להן משרדי קהילות. אפילו באבו-דאבי יש שר לענייני קהילה
זאב אלקין,מועמד לכנסת תקווה חדשה,0,על הצורך בסיוע דיפרנציאלי לסטודנטים,20% מהסטודנטים מגיעים מסוציו-אקונומי 10-9
יפעת שאשא ביטון,"יו""ר ועדת הקורונה תקווה חדשה",3,"על המידע שהוצג לקבינט הקורונה לקראת החזרת בתיה""ס לפעילות",לא היה פילוח לגילאים. אנחנו יודעים בוודאות שילדים עד גיל 10-9 נדבקים ממש מעט ומדביקים ממש מעט
יולי אדלשטיין,שר הבריאות הליכוד,5,על ירידת הליכוד בסקרים בזמן הקורונה,אין כרגע מדינה עם ממשלה פופולרית שזוכה להרבה מאוד אמון הציבור
סמי אבו שחאדה,חבר כנסת הרשימה המשותפת,3,על ההסכם עם איחוד האמירויות,בטקסט בערבית לא מופיעות המילה 'נורמליזציה' וההקדמה שבה מוזכר הסכסוך הישראלי-פלסטיני
מיקי זוהר,"יו""ר הקואליציה הליכוד",4,על האפשרות לפטר את היועץ המשפטי לממשלה,מי שצריך לדאוג לפיטוריו [של מנדלבליט] או לאשר אותם זה שר המשפטים אבי ניסנקורן
יוליה מלינובסקי,חברת כנסת ישראל ביתנו,3,על הדרך למנוע התפשטות קורונה,ארגון הבריאות העולמי פרסם שסגר זה לא יעיל ושהם ממליצים למדינות לא להשתמש בסגרים
אביגדור ליברמן,"יו""ר ישראל ביתנו ישראל ביתנו",4,על העיכוב באישור התקציב בישראל,תעבור על רשימת מדינות OECD. כמעט כולן כבר אישרו תקציב ל-2021
בצלאל סמוטריץ׳,"יו""ר האיחוד הלאומי ימינה",4,על אפליה לרעה של מחאות מימין,"אחרי שנים של הגבלת הפגנות ימין מול בית רהמ, יומיים הפגנות שמאל - והופ! בגץ מבטל את ההגבלות"
זאב אלקין,מועמד לכנסת תקווה חדשה,2,על המחאה נגד מכירת נשק ישראלי לאזרים,אנחנו סוחרים עם אזרבייג'ן במיליארדי דולרים בשנה בנפט ועוד תחומים. הנשק לא חריג
גילה גמליאל,השרה להגנת הסביבה הליכוד,3,על הנפקת החברה לאיכות הסביבה,זוהי הנפקת המיעוט הראשונה של חברה ממשלתית בישראל
יאיר לפיד,"ראש האופוזיציה יש עתיד-תל""ם",4,על הגשת הנחיות הקורונה לציבור,בכל מקום בעולם לקחו איש מקצוע שקט שיסביר לאזרחים כל יום את הנחיות הקורונה
אמיר אוחנה,השר לבטחון פנים הליכוד,1,על הגבלת הפגנות בסגר הקורונה,"בשבדיה אסורה התקהלות של יותר מ-50 איש לכל מטרה, גם להפגנה"
גילה גמליאל,השרה להגנת הסביבה הליכוד,0,על תרומת נתניהו להתיישבות היהודית בשטחים,בתקופת נתניהו יש עלייה מאוד גדולה בהתיישבות ביוש. הבנייה הולכת ועולה
אלי אבידר,חבר כנסת ישראל ביתנו,4,על מערך התחקירים לאיתור חולי קורונה,אמרו שיש 400 חוקרים אפידמיולוגיים. היום אנחנו מבינים שיש רק 27
בנימין נתניהו,ראש הממשלה הליכוד,0,על הסגר שהוכרז בישראל בגל הקורונה השני,"באוסטריה ובאוסטרליה, בספרד ובצרפת, בגרמניה ובבריטניה - בכל המדינות פתחו, התחלואה עלתה, ואז מתחילים להגביל ולסגור"
נפתלי בנט,"יו""ר ימינה ימינה",4,על בדיקות קורונה לכל דכפין,"בישראל אי-אפשר להשיג בדיקות זמינות בזול. למה במלזיה, בגאורגיה, במסצ'וסטס, בניו יורק אפשר?"
אביגדור ליברמן,"יו""ר ישראל ביתנו ישראל ביתנו",0,על אישור תכניות בנייה ליהודים מעבר לקו הירוק,"״מתחילת 2020 נבנו 2,000 דירות בלבד, כשבתקופה מקבילה כשכיהנתי כשר הביטחון חתמתי על היתרים ללמעלה מ-7,000 דירות"
יואב גלנט,שר החינוך הליכוד,3,על פתיחת בתי ספר בערים מוכות קורונה,אנחנו יודעים שהילדים הקטנים בכלל לא מידבקים
יובל שטייניץ,שר האנרגיה הליכוד,3,על השיתוק של עבודת הממשלה,תמיד באוגוסט יש שבועיים-שלושה בלי ישיבות ממשלה. כך היה בכל השנים הנורמליות
יואל רזבוזוב,"חבר כנסת יש עתיד-תל""ם",0,"על הבחירות הפנימיות ליו""ר המפלגה","יש עתיד מפלגה צעירה, 8 שנים. גם בליכוד הפריימריז התחילו בשנת 92', אחרי מעל 8 שנים"
יאיר לפיד,"ראש האופוזיציה יש עתיד-תל""ם",5,על מחדלי משרד החינוך בהתמודדות עם הקורונה,לבתי הספר אין נוהל מה קורה אם יש תלמיד או איש צוות חולה
זאב אלקין,מועמד לכנסת תקווה חדשה,2,על הקלות למי שכביכול התחסנו לקורונה,היום מי שחלה בקורונה וחוזר לארץ פטור מבידוד
יאיר לפיד,"ראש האופוזיציה יש עתיד-תל""ם",3,על סיווג התחלואה בקורונה בישראל ובעולם,"אנחנו מדינה אדומה, בזמן שכל אירופה כבר ירוקה"
איילת שקד,חברת כנסת ימינה,4,על תרומתה לייעול עבודת הפרקליטות כשרת משפטים,לפני שנכנסתי לתפקיד תיקים נמרחו שנים בפרקליטות. זמן החקירות והזמן שתיקים היו פתוחים התקצר משמעותית
בצלאל סמוטריץ׳,"יו""ר האיחוד הלאומי ימינה",0,על המשך קיום העם היהודי,באירופה ובארצות הברית אנחנו מגיעים ל-70% נישואי תערובת והתבוללות
בצלאל סמוטריץ׳,"יו""ר האיחוד הלאומי ימינה",2,על מתן זכות עלייה לנכדי יהודים ב-1970,סעיף הנכד בחוק השבות לא הושפע מחוקי נירנברג: אין לכך זכר בדיוני הכנסת. זו המצאת אמנון רובינשטיין שהיה אז חכ
אופיר כץ,חבר כנסת הליכוד,1,על הפיקוח הציבורי במעונות יום,"80 מפקחים צריכים לפקח על 10,000 פעוטונים, לפי ההערכה, ויש היום רק 23"
יזהר שי,שר המדע והטכנולוגיה כחול לבן,1,"על מינוי מפכ""ל המשטרה",בהסכם שבינינו ובין הליכוד יש הסכמה שאנחנו נדון במינויי בכירים ונסכם אותם. עוד לא סיכמנו
צבי האוזר,חבר כנסת כחול לבן,0,על הצעתו להחיל את חוק יסוד משאל עם על יהודה ושומרון,חמש ממשלות שונות ניהלו מומ על ירידה מרמת הגולן. חוק יסוד: משאל עם שם לזה סוף. כל ממשלה שתרצה לרדת מהגולן צריכה לעבור דרך הציבור
בנימין נתניהו,ראש הממשלה הליכוד,2,על חסינות מפני חקירות בפרלמנט הגרמני,"בגרמניה אי אפשר לחקור חבר פרלמנט בלי אישור המליאה, מפני שמבינים שם כמו בדמוקרטיות רבות, שעלולים לנסות לחולל הפיכה שלטונית באמצעים פסולים"
זאב אלקין,מועמד לכנסת תקווה חדשה,4,על הטיפול המשפטי באיומים כלפי נתניהו ומשפחתו,"כמה כתבי אישום הוגשו, וכמה אנשים הורשעו על איומים והסתה נגד ראש הממשלה?"
מיקי זוהר,"יו""ר הקואליציה הליכוד",4,על הבחירה בתקציב חד- או דו-שנתי,תקציב חד שנתי הוא תקציב נכון מבחינת כל גורמי המקצוע
מירי רגב,שרת התחבורה הליכוד,4,על עידוד ההפגנות נגד הממשלה,הקרן החדשה כותבים תעבירו את הטלפונים שלכם למצב טיסה. זו עבירה על החוק
גדי יברקן,סגן השר לביטחון פנים הליכוד,4,על מקור הרעיון להקמת יישוב ליוצאי אתיופיה,לאחינו מברית המועצות נתנו מושבים. ליוצאי אתיופיה לא נתנו את הדבר הזה
אופיר אקוניס,השר לשיתוף פעולה אזורי הליכוד,5,על הסיבה לכך שיהודים חיים מחוץ לארץ ישראל,"טרגדיית הגלויות החלה לפני 2,000 שנה. מכאן נפוצנו לכל העולם והחלה החלוקה לעדות"
אביגדור ליברמן,"יו""ר ישראל ביתנו ישראל ביתנו",4,על הקלות לחרדים בימי הקורונה,אישרו ל-17 אלף תלמידי ישיבות מארהב להגיע לחגים בלי שום מגבלות שחלות על שאר האוכלוסייה
איילת שקד,חברת כנסת ימינה,1,על האפשרות למנוע התפשטות קורונה,"בגרמניה יש מעבדה בשדה התעופה. מי שנכנס ממדינה אדומה עושה בדיקה, תוך שלוש שעות תוצאות"
אוסנת מארק,חברה בוועדה למינוי שופטים ליכוד,5,על הבזבוז בלשכת עורכי הדין,"הלשכה מגלגלת למעלה מ-150 מיליון שקל, ועורכי הדין מחויבים באגרה של יותר מ-1,200 שקל"
עמיר פרץ,שר הכלכלה העבודה,3,על עידוד ההשקעה מוסדית בהייטק,"בזמן שקרן המורים מארהב השקיעה בהייטק בישראל, על קרנות ישראליות אסרו להשקיע"
איציק שמולי,שר העבודה והרווחה העבודה,3,על חלוקת מענקי קורונה אחידים,"תוכנית טראמפ הזניקה את החיסכון הפרטי, היא לא תרמה כמעט במאומה לצמיחה"
שלמה קרעי,חבר כנסת הליכוד,5,על השכר הנמוך של נתניהו,ראש הממשלה משתכר פחות מהמינימום עבור 30 ימי עבודה של 18 שעות
יאיר לפיד,"ראש האופוזיציה יש עתיד-תל""ם",4,על הישגיו כשר האוצר,"כשנכנסתי לאוצר האבטלה הייתה בקו עליה תלול, מעל 6.8%. התחלתי טיפול אגרסיבי והיא ירדה ל-5.9%"
פנינה תמנו-שטה,שרת העלייה והקליטה כחול לבן,5,על העלייה בימי המגפה,"הגיעו כ-7,000 עולים חדשים בתקופת הקורונה"
יאיר לפיד,"ראש האופוזיציה יש עתיד-תל""ם",4,על האדישות של כחול לבן למשבר הקורונה,בוועדת הקורונה אין לכחול לבן אף נציג
משה בוגי יעלון,"חבר כנסת יש עתיד-תל""ם",2,על מענק הקורונה,"בארהב אנשים קיבלו מיד 1,500 דולר בלי לבדוק להם בציציות"
אלי כהן,שר המודיעין הליכוד,0,על ההסדר המוצע לפלסטינים בתוכנית טראמפ,לקוסטה ריקה [פוארטו ריקו] יש אוטונומיה כמו שמציעים לפלסטינים
שלמה קרעי,חבר כנסת הליכוד,5,על תאגיד השידור הציבורי,"רהמ ניסה לסגור את רשות השידור והקימו לו מפלצת יותר גדולה, עם מימון ציבורי שקרוב למיליארד שקל בשנה"
אסף זמיר,שר התיירות כחול לבן,4,על הצורך לעודד תיירות מקומית לטבריה,טבריה היא עיר ש-90% מהתיירים בה הם תיירים זרים
עודד פורר,חבר כנסת ישראל ביתנו,4,על הוויתורים של נתניהו למפלגות החרדיות,בהסכמים הקואליציוניים קבעו שכל תקציב הישיבות - שעד היום ניתן מעת לעת - ייכנס לבסיס התקציב
עמיר פרץ,שר הכלכלה העבודה,5,על הצורך להגן על מפעלים מקומיים,"בברזיל אין מפעל מלט, והמחירים בשמים!"
ארנון בר-דוד,"יו""ר ההסתדרות",4,על השכר במגזר הציבורי,"המגזר הציבורי, איך הוא מורכב? 70% שמקבלים שכר מינימום או באזור"
יצחק אילן,"לשעבר סגן ראש השב""כ כחול לבן (לשעבר)",5,על השלכות הלגליזציה של קנביס,הייתי בהולנד וראיתי שחצי מדינה מסטולה באופן תמידי
מיקי זוהר,"יו""ר הקואליציה הליכוד",5,על האפשרויות לפירוק השותפות עם כחול לבן,סוכם שתוך חצי שנה נוכל להחליט לפרק את הממשלה בלי שראש הממשלה יצטרך לפנות את תפקידו
מיכאל ביטון,חבר כנסת כחול לבן,4,על הבלמים בדרך להחלטה על סיפוח,"קבענו בהסכם הקואליציוני שדיון בהחלת ריבונות יתחיל בכנסת, בוועדת חוץ וביטחון, ולא יתקדם בלי הסכמה מפורשת של האמריקאים ומדינות אחרות"
משה גפני,יושב ראש ועדת הכספים יהדות התורה,1,על המתכונת הרצויה לתקציב 2020,אין מדינה עם תקציב דו-שנתי חוץ מבחריין. בכל המדינות האחרות יש תקציב חד-שנתי
זאב אלקין,מועמד לכנסת תקווה חדשה,2,על הצידוק להקמת המשרד שהוא עומד בראשו,משרד להשכלה גבוהה זה לא משהו שהומצא. בעשרות מדינות המשרד הזה קיים
יאיר גולן,חבר כנסת מרצ,4,על הנזק הצפוי מהחלת החוק הישראלי בשטח C,20 כפרים פלסטינים שסיפחנו - זה מה שהוריד את ירושלים מאשכול 7 לאשכול 2
קטי שטרית,חברת כנסת הליכוד,5,על ההצעה להסיר את האחד במאי מרשימת ימי הבחירה,מעתה לא ניתן יהיה לציין יום זה על חשבון משלם המיסים הישראלי
מאי גולן,חברת כנסת הליכוד,5,"על אפליה לטובת הזרים בת""א","אם אנחנו נפר הנחיית קורונה נקבל דוח. עובדים זרים, מסתננים ושבחים בתא לא קיבלו"
זאב אלקין,מועמד לכנסת תקווה חדשה,3,על תשלומי הרשות הפלסטינית לכלואים בישראל,המשכורת הכי גבוהה ברשות הפלסטינית זה לשני אנשים - או שאתה שר בממשלה או שרצחת ישראלים
אסף זמיר,שר התיירות כחול לבן,4,על נזקי הקורונה בעיר התיירות,ירדתי הבוקר לאילת. משימת שיקום לאומית לפנינו. 80% אבטלה
אלי כהן,שר המודיעין הליכוד,4,על הישגי מפלגת כולנו,"כשכחלון היה באוצר ואני בכלכלה, הורדנו את האבטלה בדימונה מ-16% ל-6% בלבד"
בצלאל סמוטריץ׳,"יו""ר האיחוד הלאומי ימינה",2,על הבדיקות התקופתיות לכלי רכב,אין הצדקה לטסט כל שנה. כל שנתיים ואפילו שלוש מספיק בהחלט. יש מדינות שכבר עשו את זה
אחמד טיבי,חבר כנסת הרשימה המשותפת,1,על משמרות המתמחים ברפואה,ברוב מדינות ה-OECD יש פחות שעות תורנות מאשר 26 כמו בישראל
בצלאל סמוטריץ׳,"יו""ר האיחוד הלאומי ימינה",2,על הוצאות משרד התחבורה בתקופת הקורונה,"הירידה בקיבולת האוטובוסים מוסיפה מיליארד וחצי שקל לסובסידיה לחברות, שממילא עומדת על 10 מיליארד שקל"
מירי רגב,שרת התחבורה הליכוד,4,על ההשקעה באצטדיונים ובמגרשים,השגתי כסף לקרן למתקני ספורט. רק בשנה שעברה הוצאנו יותר ממיליארד שקל על מתקנים
עאידה תומא סלימאן,חברת כנסת הרשימה המשותפת,2,על הפיצוי לרשויות שהפסידו הכנסות בשל הקורונה,"2.8 מיליארד שקל הועברו לכל הרשויות המקומיות, מתוכם פחות מ-2% לרשויות הערביות"
חילי טרופר,חבר כנסת כחול לבן,4,על הטענות לרמיסת האופוזיציה בהסכם בין הליכוד לכחול לבן,"בדרך כלל היו לאופוזיציה שתי ועדות, בדרך כלל ביקורת המדינה וכלכלה. וזו גם ממשלת אחדות "
איילת שקד,חברת כנסת ימינה,1,על שריון התיקון לחוק יסוד הממשלה,אומרים שרק 75 חכים יוכלו לשנות את החוק. אין לזה כמעט אח ורע. יש תקדים אחד יוצא דופן
אבי דיכטר,חבר כנסת הליכוד,3,"על נכונות בג""ץ להתערב בחוק הלאום","מספר ישיבות הכנסת על חוק הלאום היה מעל 80, לעומת דיונים בודדים בחוקי היסוד של 1992"
משה בוגי יעלון,"חבר כנסת יש עתיד-תל""ם",3,על הצורך לאסור על נאשם להרכיב ממשלה,נאשם עם שלושה כתבי אישום לא יכול להיות מורה או מנהל בנק. לא מגייסים לצבא אנשים עם כתבי אישום כאלה
אלי כהן,שר המודיעין הליכוד,0,על סיכויי הזיכוי של פוליטיקאים,למעלה מ-50% מראשי הערים שהיו נגדם כל מיני חשדות יצאו זכאים
חילי טרופר,חבר כנסת כחול לבן,2,על ההסכם הקואליציוני בין הליכוד לכחול לבן,גם בממשלת האחדות של 84' לא היה נציג של האופוזיציה בוועדה לבחירת שופטים
עמיר פרץ,שר הכלכלה העבודה,0,על התנאים להחלת ריבונות בהסכם הקואליציוני בין הליכוד לכחול לבן,"לפני שראש הממשלה יוכל להביא הצעת סיפוח לכנסת, צריך קודם דיון בקבינט ואז דיון בממשלה"
יאיר גולן,חבר כנסת מרצ,5,על הבטחות הבחירות של כחול לבן,"כחול לבן הבטיחה שלא תקבל תמיכה מהרשימה המשותפת לפני סבב 2, אבל לא לפני סבב 3"
בצלאל סמוטריץ׳,"יו""ר האיחוד הלאומי ימינה",1,על הקשיים המשפטיים בהסכם בין הליכוד לכחול לבן,בגץ קבע בפסק דין בעניין אילטוב שנציג אופוזיציה בוועדה למינוי שופטים הוא 'נוהג חוקתי מחייב'
נפתלי בנט,"יו""ר ימינה ימינה",2,על ההצדקה להקמת ממשלה גדולה,יש קורלציה [חיובית] בין מספר השרים בממשלה לבין אורך הקדנציה
מטאנס שחאדה,"יו""ר בל""ד הרשימה המשותפת",3,על החברה הערבית בסגר הקורונה,50% מהעובדים הערבים הם עדיין שכירים שעובדים מחוץ ליישובים שלהם
אריה דרעי,"שר הפנים ש""ס",3,על התפרצות הקורונה בבני ברק,בני ברק היא העיר הצפופה ביותר בעולם
יאיר לפיד,"ראש האופוזיציה יש עתיד-תל""ם",2,על 34 השרים הצפויים בממשלת הליכוד וכחול לבן,"ממשלת נתניהו החמישית תהיה כפולה ויותר מממשלות שווייץ, ספרד, אוסטריה, ארהב, צרפת וגרמניה"
הליכוד,מפלגה,2,"על ההתנגדות למינוי מאיר כהן ליו""ר הכנסת",יושב ראש הכנסת בא תמיד מהמחנה של ראש הממשלה
משה בוגי יעלון,"חבר כנסת יש עתיד-תל""ם",5,על הצורך בחוק נגד בחירת ראש ממשלה נאשם,אין דבר כזה בשום דמוקרטיה שמישהו עם כתבי אישום יכול להיבחר לראשות ממשלה
איציק שמולי,שר העבודה והרווחה העבודה,3,על המוכנות של ישראל למגפת הקורונה,"ישראל מוציאה 17 מיליארד פחות בשנה בהשוואה ל-OECD, היחידה שמציגה ירידה בשעור הרופאים ומחסור של יותר מעשרת אלפים מיטות"
בני גנץ,"יו""ר מפלגה כחול לבן",2,על העיכוב בהקמת ועדות הכנסת במשבר הקורונה,בכל העולם פרלמנטים ממשיכים לתפקד במדינות עם אלפי חולים. כאן אדלשטיין ונתניהו החליטו לשרוף את הכללים
אביגדור ליברמן,"יו""ר ישראל ביתנו ישראל ביתנו",4,על הזנחת מערכת הבריאות,"לפני שנה, לפני הקורונה, קראנו בדוח מבקר המדינה שחסרים לפחות 6 בתי חולים בגודל של שיבא"
היבא יזבק,חברת כנסת הרשימה המשותפת,1,על הסיוע לעסקים במשבר הקורונה,"שכירים בבידוד מקבלים ימי מחלה בתעודת מחלה גורפת, ואילו לעצמאים אין אפשרות כזו. יש 280 אלף כאלה"
יובל שטייניץ,שר האנרגיה הליכוד,4,על הפגיעה בסחר בשל הקורונה,98% מנפח הסחורות לישראל וממנה בא באוניות - שם אין בעיה של נוסעים שצריכים בידוד
בועז טופורובסקי,חבר כנסת כחול לבן,5,על הבהלה מנגיף הקורונה החדש,מי שלא מפחד משפעת לא צריך לפחד מקורונה
אלי כהן,שר המודיעין הליכוד,4,על מקורות המימון לקרן הקורונה,מתחילת השנה יש בתקציב המדינה עודפים של למעלה מ-10 מיליארד שקל
בנימין נתניהו,ראש הממשלה הליכוד,4,על התוכנית לגייס בני נוער לחיטוי אתרים מנגיף הקורונה,"המגיפה לא פוגעת בילדים ובנוער, תודה לאל: אין לנו מקרה אחד שאנחנו יודעים עליו"
עפר שלח,"חבר כנסת יש עתיד-תל""ם",2,"על הסנקציות על ח""כים ""עריקים""","מי שמצביע אמון בממשלה בניגוד לעמדת סיעתו לא יכול להיות חבר במפלגה אחרת, או לקבל תפקיד מטעמה"
יאיר לפיד,"ראש האופוזיציה יש עתיד-תל""ם",4,"על התוכנית לבי""ח לקורונה בראשל""צ","בכל מקום בעולם עושים לחולי קורונה בית חולים שדה עם בידוד, במקום בלי אוכלוסייה"
יעקב ליצמן,שר הבריאות יהדות התורה,3,על הישגיו במשרד הבריאות,"התחלתי את תפקידי עם 9 MRI במדינה, היום זה 60 ומשהו, 61-62"
נפתלי בנט,"יו""ר ימינה ימינה",5,על הצלחתו כשר הביטחון,"אם ניקח שלושה חודשים לפני כניסתי ושלושה חודשים אחרי כניסתי, ירי הרקטות ירד ב-80%"
גבי אשכנזי,חבר כנסת כחול לבן,5,על משבר החקלאות,"כמה חקלאים יש בארץ? פחות מ-10,000. כמה היו לפני עשור? כמעט פי שלושה"
גבי אשכנזי,חבר כנסת כחול לבן,3,על מעמדו הציבורי של בית החולים אסותא אשדוד,"כבר 35 שנים לא הקימו בית חולים. אסותא הוא פרטי, וזה 300 מיטות"
איילת שקד,חברת כנסת ימינה,5,על פסילת היבא יזבק,הנשיאה כשופטת צעירה בהרכב עם אהרן ברק תמכה בפסילתו של עזמי בשארה
אסף זמיר,שר התיירות כחול לבן,5,על השקעת הממשלה במנועי צמיחה,"הממשלה האחרונה קיצצה בתקציב הרשות לחדשנות, שאמור לייצר הכנסות למדינה"
עודד פורר,חבר כנסת ישראל ביתנו,3,על הצביעות של מפלגת ימינה,"ימינה ברחה מההצבעה כשרצו לפסול את הרשימה המשותפת, ולכן המשותפת לא נפסלה"
עודד פורר,חבר כנסת ישראל ביתנו,4,על העדפת חרדים בממשלת המעבר,"בכל סעיפי התקציב יש קיצוץ ועוברים לשיטת 1/12, רק בתקציב הישיבות קיבלו מקדמה ולא ירגישו בו"
אלי כהן,שר המודיעין הליכוד,3,על הריכוזיות בענף הקמעונאות,לפני כעשור הייתה שופרסל והייתה מגה. היום יש שבע-שמונה רשתות
בצלאל סמוטריץ׳,"יו""ר האיחוד הלאומי ימינה",4,על ניהול מגעים מדיניים ערב בחירות,"ברק אחרי שהתפטר מתפקיד רהמ, והכנסת פוזרה בתקופת בחירות, הלך לקמפ דייוויד - ובגץ נתן לזה לגיטימציה"
ינון אזולאי,"חבר כנסת ש""ס",1,על הייאוש מהמערכת הפוליטית,בפריפריה אחוזי ההצבעה יותר נמוכים מאשר במרכז
יואב גלנט,שר החינוך הליכוד,3,על ההתיישבות בבקעת הירדן,"בבקעת הירדן חיים מזה עשרות שנים, מאז 67', סדרי גודל של 10,000 איש"
בצלאל סמוטריץ׳,"יו""ר האיחוד הלאומי ימינה",1,על החלת הריבונות בבקעת הירדן,ב-1967 חוקק סעיף 11ב' שמאפשר לממשלה בצו להחיל את הריבונות הישראלית על כל רחבי ארץ ישראל המנדטורית
אופיר אקוניס,השר לשיתוף פעולה אזורי הליכוד,4,"על סרובו למנות את יעל אמיתי לקרן לשת""פ מדעי עם גרמניה","לא קיבלתי את הייעוץ המשפטי, אבל ייעצתי לעצמי [...] ואפילו ניצחתי: שכנעתי את שופטי העליון בצדקת טיעוניי"
אלי כהן,שר המודיעין הליכוד,1,על השלכות העיכוב באישור תקציב המדינה,"מרגע שלא הוקמה ממשלה, לא רק שהתקציב הוא 1/12, הוא אפילו יותר נמוך"
אופיר כץ,חבר כנסת הליכוד,1,על התמיכה בליכוד בספטמבר 2019,במקומות שהליכוד חזק בהם - שהוא מקבל מעל 30% - הייתה לנו ירידה באחוז ההצבעה
צחי הנגבי,השר לענייני התיישבות הליכוד,3,על הפתעות בדיוני הסרת חסינות,"היועמש ביקש להעמיד לדין את מוחמד מיעארי, רובי ריבלין הצביע נגד, וברוב של קולו החסינות לא הוסרה"
יעקב ליצמן,שר הבריאות יהדות התורה,0,על העלאת מס בריאות,"במס בריאות אנחנו הכי נמוכים בעולם, אז מותר לקחת עוד"
אביגדור ליברמן,"יו""ר ישראל ביתנו ישראל ביתנו",4,על הישגי בנט במשרד החינוך,"בסוף תקופת בנט היו מבחני פיזה: תלמידי ישראל התרסקו, התוצאה הגרועה מאז קום מהמדינה"
עודד פורר,חבר כנסת ישראל ביתנו,2,"על שילוב חרדים בישראל ובארה""ב",יש ירידה ביציאת חרדים לעבודה ולאקדמיה. בארהב אחוז האקדמאים החרדים כפול מאשר בישראל
מירי רגב,שרת התחבורה הליכוד,3,על תקציב משרד התרבות והספורט,משרד התרבות והספורט הגדיל את תקציבו מ-1.38 מיליארד ש״ח ערב כניסתי לתפקיד ל-2.3 מיליארד שח
אלי כהן,שר המודיעין הליכוד,5,על העניים העובדים,מי שיוצא לעבוד במדינת ישראל חי מעל קו העוני
ניצן הורוביץ,"יו""ר מרצ מרצ",5,על פירות ענף הגז בראשית 2020,שקל אחד הציבור לא קיבל מתמלוגי הגז. גם לא אגורה
בנימין נתניהו,ראש הממשלה הליכוד,4,על פירות ענף הגז בראשית 2020,"הגז זורם, מחירי החשמל יורדים, ומאות מיליארדים מגיעים לקשישים, לנכים, לחינוך ולבריאות"
עמיר פרץ,שר הכלכלה העבודה,5,על הצלחת חיבור העבודה וגשר,"בכל הערים תומכות הליכוד, כמו אשקלון, בש ואשדוד, העבודה-גשר קיבלה הרבה יותר תמיכה מבפעם הקודמת"
אריה דרעי,"שר הפנים ש""ס",5,על כוחו האלקטורלי של נתניהו,נתניהו העלה את הליכוד למספרים שלא היו לפניו. אף אחד לא עבר 30 מנדטים
אביגדור ליברמן,"יו""ר ישראל ביתנו ישראל ביתנו",4,"על הניתוק של יהדות ארה""ב מישראל",רק 5% מיהודי ארהב מקבלים חינוך יהודי-ציוני. 95% רחוקים מכל השכלה יהודית
זאב אלקין,מועמד לכנסת תקווה חדשה,2,על חסינות פרלמנטרית,"חסינות היא מנגנון יסוד שטבוע בהרבה מאוד פרלמנטים, ודווקא בישראל הוא בין הקלים"
מפלגת הליכוד,מפלגת הליכוד,4,על פרשת המימד החמישי,"נגד גנץ מתנהלת חקירה על שלקח 50 מיליון שקל ללא מכרז לחברה הכושלת שלו, ושלשל לכיסו 4 מיליון"
מירי רגב,שרת התחבורה הליכוד,4,על מעמדו של נתניהו בעולם,"8 מיליון איש שמדרגים את האנשים המשפיעים בעולם ב'פורבס' דירגו את נתניהו במקום 20! לא גייטס, לא אובמה, לא צוקרברג"
יובל שטייניץ,שר האנרגיה הליכוד,5,על שיעור ההרשעה של פוליטיקאים,"יותר ממחצית הפוליטיקאים הבכירים שהועמדו לדין יצאו זכאים לחלוטין בבית משפט, לפחות ב-20 השנים האחרונות"
שרן השכל,חברת כנסת תקווה חדשה,5,על גישתו הליברלית של גדעון סער,"גדעון סער הוא הראשון שחתם על צו שהתיר לפתוח מסעדות, מועדונים ועוד מקומות בשבת"
יובל שטייניץ,שר האנרגיה הליכוד,2,על מחירי האנרגיה בישראל,"מחיר החשמל בישראל - מהנמוכים במערב; נמוך בהרבה ממדינות כמו בריטניה, נורבגיה וגרמניה"
בנימין נתניהו,ראש הממשלה הליכוד,3,על אתגרי הדיור בישראל,"אוכלוסיית ישראל גדלה מהר מכל אוכלוסייה בעולם המערבי, וכמעט יותר מכל אוכלוסייה בעולם הערבי"
בנימין נתניהו,ראש הממשלה הליכוד,3,על בלימת ההתייקרויות בדיור,חל שינוי מגמה במחירי הדירות לאחר עשור של עליות חדות
מיכאל מלכיאלי,"חבר כנסת ש""ס",4,על פרויקט שיקום שכונות,"לאחר עשרות שנים שהתוכנית [שיקום שכונות] לא פועלת, תמא 38 היא הזדמנות לשפר את חזות השכונות"
זאב אלקין,מועמד לכנסת תקווה חדשה,2,על מקור ההישגים הנמוכים בחינוך,כחבר ועדת חינוך גיליתי שרק ל-20% מהמורים למתמטיקה יש השכלה מתמטית מעבר לבגרות
עודד פורר,חבר כנסת ישראל ביתנו,5,על כוחם של החרדים בכנסת,ההעברות היחידות שהצליחו לעבור בוועדת הכספים ביום שני היו כספים קואליציוניים למפלגות החרדיות
"ישראל כ""ץ",שר האוצר הליכוד,4,על יציאת ישראלים לחוץ לארץ,"ב-2019 יישבר שיא ביציאות ישראלים לחו״ל: 9.1 מיליון, כמספר תושבי ישראל. זה שיא עולמי"
"ישראל כ""ץ",שר האוצר הליכוד,5,"על תגובת הפלסטינים להעברת שגרירות ארה""ב לירושלים",טראמפ קיבל החלטה היסטורית אמיצה להכיר בירושלים כבירת ישראל - ולא קרה כלום
העבודה-גשר,סיעה בכנסת העבודה-גשר,0,על הישגי רשימת העבודה-גשר,"הבטחנו-קיימנו: מיגור האלימות כלפי נשים; חיסול תופעת עובדי הקבלן; חינוך חינם מגיל אפס, העלאת שכר המינימום"
בני גנץ,"יו""ר מפלגה כחול לבן",3,על מבצע הפיגוע בגשר לונדון,מדובר באדם שבא מתוך האסלאם הרדיקלי ושנכלא בעבר בשל ניסיון לפוצץ בתי כנסת
צבי האוזר,חבר כנסת כחול לבן,1,"על הצעת חוק שתאפשר הצבעה בבחירות מחו""ל","יש למעלה ממאה מדינות שנוהגות ככה [מאפשרות להצביע מחול], כל מדינות ה-OECD, מדינות המערב"
בנימין נתניהו,ראש הממשלה הליכוד,5,על הזמן שהוא מקדיש ליוצאי אתיופיה,אני עצמי עומד בראש ועדת שרים לקידום בני העדה האתיופית. אנחנו נפגשים כל כמה שבועות
בצלאל סמוטריץ׳,"יו""ר האיחוד הלאומי ימינה",1,על מחירי התחבורה הציבורית בישראל,יחסית למקובל בעולם אנחנו זולים מאוד-מאוד בתחבורה ציבורית
איציק שמולי,שר העבודה והרווחה העבודה,2,על יוקר הביטוח הסיעודי הפרטי,"בתחום הסיעוד הישראלי מוציא פי שלושה מכל מדינה אחרת - פי שלושה יותר מהאזרח הבריטי, והספרדי, והפורטוגלי"
אביגדור ליברמן,"יו""ר ישראל ביתנו ישראל ביתנו",3,על אי-השוויון בנטל המס,רק 22% מהישראלים בגיל העבודה משלמים מסים. 150 אלף אברכים ותלמידי ישיבות רק לומדים תורה
מיכאל ביטון,חבר כנסת כחול לבן,1,על הזנחת הטיפול בכבישי דמים,כבישים 204 ו-224 מדימונה וירוחם גובים קרבנות בגלל עיר הבהדים. השיפוץ מתוקצב ולא מבוצע
אופיר אקוניס,השר לשיתוף פעולה אזורי הליכוד,2,"על ה""סכנה"" שבממשלת מיעוט בתמיכת הרשימה המשותפת","כבר קרה שאנשי המשותפת ישבו בוועדת חוץ וביטחון, וזה יכול לקרות גם בעתיד"
דוד ביטן,חבר כנסת הליכוד,4,על הישגי המפלגות הגדולות בבחירות ספטמבר 2019,"כחול לבן קיבלו 33 משום שהם זכו במנדט נוסף בהסכם עודפים, ואנחנו [בליכוד] הפסדנו מנדט בהסכם עודפים"
איציק שמולי,שר העבודה והרווחה העבודה,1,על הצבעת אי-אמון בממשלה,"כדי להפיל ממשלה, גם ממשלת מיעוט, צריכה להיות הסכמה בין המפלגות שיושבות באופוזיציה על מועמד חלופי לראש ממשלה, וגם על חלוקה של שרים וקווי מדיניות"
איילת שקד,חברת כנסת ימינה,4,"על הוראת ביה""ד האירופי לסמן מוצרי התנחלויות","קביעה כזו קיימת רק נגד ישראל. אין הנחיה דומה לאזורי סכסוך כמו חצי האי קרים, טיבט, קפריסין, מערב סהרה"
רויטל סויד,חברת כנסת העבודה-גשר,2,"על דברי ח""כ אמיר אוחנה על ניר חפץ בכנסת","נבחר ציבור שמפר כך צו איסור פרסום נהנה מחסינות רק אם זה היה תוך להט הדברים, [אם] לא הייתה לו כוונה"
ניר ברקת,חבר כנסת הליכוד,4,על הרדיפה המשפטית אחרי נתניהו,"תיק 1000, 2000, 3000, אנחנו מדברים על 19 תיקים שנפתחו נגד ראש הממשלה, נשארו שלושה"
צחי הנגבי,השר לענייני התיישבות הליכוד,4,על הוראות החוק לגבי ראש ממשלה עם כתב אישום,"אף שנבצרות עוסקת רק בעניינים בריאותיים וכו', אנו מסכימים שתחול על נתניהו כשהנושא המשפטי יגיע למיצוי"
איילת שקד,חברת כנסת ימינה,0,על המדיניות לגיוס חרדים,"יעדי הגיוס שהעברתי עם לפיד היו בהחלטת ממשלה, ולא שונו אף פעם, גם כשהייתה ממשלה עם חרדים"
יובל שטייניץ,שר האנרגיה הליכוד,5,על מתווה הנשיא לקואליציה של הליכוד וכחול לבן,"מתווה הנשיא אומר שיש רוטציה: נתניהו שנה, גנץ שנתיים, ונתניהו עוד פעם שנה"
זאב אלקין,מועמד לכנסת תקווה חדשה,3,"על התגברות של הכנסת על בג""ץ",נתניהו השתכנע שהכנסת חייבת לייצר מנגנון כמו שיש בקנדה ובדמוקרטיות מערביות אחרות
יוסף ג'בארין,חבר כנסת הרשימה המשותפת,2,על הפערים בתקצוב החינוך,"תיכוניסט ערבי מהשכבות החלשות מקבל כ-19 אלף שקל, לעומת 43 אלף שקל לתיכוניסט יהודי בשכבות החלשות"
בצלאל סמוטריץ׳,"יו""ר האיחוד הלאומי ימינה",5,על חקירת נציגי נתניהו בשל הטרדת שלמה פילבר,הטרדת עד זה בוודאי בתחתית המדרג הפלילי במדינת ישראל
יובל שטייניץ,שר האנרגיה הליכוד,2,על היציבות הפיננסית של ישראל,אנחנו המדינה המערבית היחידה שדירוג האשראי שלה היום טוב משהיה לפני המשבר הכלכלי הגלובלי
בנימין נתניהו,ראש הממשלה הליכוד,4,על השבעת הכנסת ה-22,לאחרונה [חברי הכנסת הערבים] החרימו את השבעת הכנסת וסירבו להצהיר אמונים למדינת ישראל
סתיו שפיר,חברת כנסת המחנה הדמוקרטי - התנועה הירוקה,3,על פיקוח על מחירי דיור בעולם,"בצרפת 20% מכל פרויקט חדש הולך לדיור בר השגה, באנגליה 40%"
ניצן הורוביץ,"יו""ר מרצ מרצ",1,על האפשרות שתקום ממשלת מיעוט,כשמקימים ממשלה דרוש אמון הכנסת ברוב רגיל. כשמפילים אותה באי-אמון - לפחות 61 ולהציג ממשלה חלופית
יאיר לפיד,"ראש האופוזיציה יש עתיד-תל""ם",4,על השחיתות בישראל,במדד השחיתות העולמי נפלנו 20 מקומות בימי נתניהו. אנחנו מתחת לקטאר ואיחוד האמירויות
דוד אמסלם,שר התקשורת הליכוד,5,"על הוויתור על פריימריז ליו""ר הליכוד בסוף 2019",רהמ [נתניהו] נבחר על-ידי מתפקדי הליכוד לכנסת ה-22 כעומד בראשה
בצלאל סמוטריץ׳,"יו""ר האיחוד הלאומי ימינה",4,על הפסקת כהונתם של אנשי ציבור,"אצל חכים, הרשעה בערכאה ראשונה מחייבת התפטרות; אצל שרים ורמ, הרשעה בערכאה אחרונה עם קלון"
נפתלי בנט,"יו""ר ימינה ימינה",2,על השינוי במספר הסטודנטים במסלולי לימוד נבחרים,"הזנקנו את מספר הסטודנטים במדעי המחשב ובהנדסה, והקטנו את מספר הסטודנטים במשפטים"
זאב אלקין,מועמד לכנסת תקווה חדשה,5,על התבטאויותיו של בני גנץ נגד בנימין נתניהו,על נתניהו בני גנץ אמר שהוא בוגד
זאב אלקין,מועמד לכנסת תקווה חדשה,3,על חקירת ראשי ממשלה,"כמעט כל ראש ממשלה ב-20 השנים האחרונות חטף תהליך פלילי, שברוב מוחלט של המקרים נעצר"
אורי מקלב,חבר כנסת יהדות התורה,1,"על התמיכה בש""ס וביהדות התורה בבחירות ספטמבר 2019",בתל אביב למפלגות החרדיות יש 20% קולות יותר מליברמן
אורית פרקש-הכהן,חברת כנסת כחול לבן,3,על מונופול הכשרות של הרבנות,אין סיבה שמוצרים כשרים מחול שמגיעים לישראל ישלמו פעם שנייה על הבדיקות של הרבנות הראשית
מאיר פרוש,סגן שר החינוך יהדות התורה,3,על אפליית חרדים בחינוך המיוחד,ילד בחינוך מיוחד שנולד להורים חרדים לא מקבל מה שמקבל ילד חריג שנולד להורים חילונים
עמיר פרץ,שר הכלכלה העבודה,5,על הר החובות של הישראלים,למעלה מ-80% מתושבי המדינה חיים במינוס כרוני
יואב קיש,סגן שר הבריאות הליכוד,4,על הסיוע של נתניהו לערוץ 20,למה ערוץ 20 בא להיסגר? כי רצו לגבות ממנו קנסות שמערוצים אחרים לא גבו
בנימין נתניהו,ראש הממשלה הליכוד,3,על חשיפת התערבותו בערוץ 20 בסוף 2017,לרהמ היה מותר לעסוק בפעולות שהצגתם. ההגבלות היחידות נגעו לאלוביץ׳ ובזק - תחום שבו הוא לא עסק לאחר הנחיית היועמ״ש
יואב גלנט,שר העלייה והקליטה הליכוד,1,על מקורות האנרגיה של איראן,"איראן מחזיקה 11% מעתודות הנפט והגז בעולם, אין לה צורך באנרגיה גרעינית לצורכי שלום"
איילת שקד,חברת כנסת ימינה,2,על הישגי הימין החדש בבחירות אפריל 2019,"אנחנו לא עברנו [את אחוז החסימה] על 1,400 קולות. לא היה דבר כזה מקום המדינה"
איציק שמולי,שר העבודה והרווחה העבודה,3,על תרומת נתניהו לעוני בישראל,ראש הממשלה הביא את ישראל למצב שבו שיעורי העוני הכי גבוהים במערב הם כאן
תמר זנדברג,חברת כנסת המחנה הדמוקרטי,1,על אכילת בשר ואקלים,"ישראל שישית ב-OECD בצריכת בשר לנפש, וחלקו הגדול מגיע מדרום אמריקה"
גדעון סער,חבר כנסת הליכוד,2,"על היקף הפיגועים ביהודה, שומרון וירושלים","אם היית משווה נתונים, אפילו לא של עשורים - כי הליכוד עשור בשלטון - אלא של שנים, היית רואה שהגרף שונה לחלוטין, הוא של ירידה"
אמיר אוחנה,השר לבטחון פנים הליכוד,2,"על הוראת בג""ץ להגביל מינויים בזמן ממשלת מעבר","נשיאת העליון ביניש מונתה בממשלת מעבר, חוק יסוד כבוד האדם וחירותו עבר בזמן ממשלת מעבר"
סתיו שפיר,חברת כנסת המחנה הדמוקרטי - התנועה הירוקה,3,על פערי התקצוב במערכת החינוך,"היום התקצוב בחינוך הממלכתי-דתי הוא ב-30% יותר גבוה מהתקצוב הממלכתי רגיל, ו-60% יותר גבוה מהתקצוב במגזר הערבי"
גדעון סער,חבר כנסת הליכוד,3,על הסכמי עודפים בבחירות,רשימה שקיבלה יותר קולות לרוב תקבל את העודפים. בבחירות הקודמות גם לכחול לבן וגם לישראל ביתנו לא היה הסכם עודפים
איילת שקד,חברת כנסת ימינה,4,על הדיור בגוש דן,"הצפיפות בגוש דן היא כמעט כמו הצפיפות בעזה, והמחירים כמו בניו יורק"
בצלאל סמוטריץ׳,"יו""ר האיחוד הלאומי ימינה",5,על קרבת השומרון למרכז הארץ,מרעננה לתל אביב לוקח יותר זמן לנסוע מאשר מאלקנה תל אביב
עאידה תומא סלימאן,חברת כנסת הרשימה המשותפת,2,על תופעת העניים העובדים,יותר ויותר משפחות וזוגות ששניהם עובדים בכל זאת יורדים מתחת לקו העוני
יובל שטייניץ,שר האנרגיה הליכוד,4,על הצמיחה במשק הישראלי,"אחרי נזקי לפיד אוששנו את הכלכלה: כמו שבתקופתי הייתה צמיחה גבוהה, היום היא סבירה. 3.6% בחצי הראשון של 2019 זה גבוה מרוב מדינות המערב"
יואב גלנט,שר החינוך הליכוד,1,על ההגירה לישראל,העלייה לישראל גדלה בשנה האחרונה ביותר מ-21%
יוסף ג'בארין,חבר כנסת הרשימה המשותפת,1,על מספר העצירים המנהליים שבידי ישראל,יש כיום כ-500 עצורים מנהליים שיושבים בלי משפט
גלעד ארדן,השר לביטחון פנים הליכוד,5,על סמכויות הוועדה שדנה בתרומות לראש הממשלה,ועדת ההיתרים היא ועדה שמייעצת למבקר; זכותו לא לקבל את עמדתה
ניצן הורוביץ,"יו""ר מרצ מרצ",0,על הנפגעים משנאה ברשת,"32% מהשנאה ברשת מכוונת לערבים, 13% לשמאל, 11% ללהטב. ההפחדה והשנאה מגיעות מכיוון אחד"
איילת שקד,חברת כנסת ימינה,4,על הישגיה כשרת המשפטים,צמצמתי את כמות החקיקה הפרטית ב-50%
משה פייגלין,פוליטיקאי זהות,3,על מצוקת האבות הגרושים,[אבות גרושים] זו האוכלוסייה המתאבדת ביותר בישראל
דוד אמסלם,שר התקשורת הליכוד,4,על יישום חוק ההמלצות בסיכום חקירת יעקב ליצמן,אתמול הודיעו על ליצמן והמשטרה עוברת על החוק: אסור למשטרה לפרסם המלצה
משה בוגי יעלון,"חבר כנסת יש עתיד-תל""ם",4,על הידרדרות הרפואה בישראל,"מספר האחיות פר-אוכלוסייה יורד, והרופאים יורד, ומספר המיטות פר-אוכלוסייה"
ניצן הורוביץ,"יו""ר מרצ מרצ",2,על אחוז ההצבעה בבחירות לכנסת ה-21,״בבחירות האחרונות אחוז ההצבעה הכללי היה אחד הנמוכים מאז קום המדינה. במגזר הערבי למשל זה היה הכי נמוך מאז קום המדינה״
גדעון סער,חבר כנסת הליכוד,2,על כושר הביצוע של ממשלות צרות,"ממשלה של 61 חברים לא מנעה ממנחם בגין לקבל החלטות היסטוריות, כולל להפציץ את הכור בעיראק"
איציק שמולי,שר העבודה והרווחה העבודה,4,"על המעבר של ח""כים למפלגה אחרת לפני הבחירות","סתיו ואחרים שעוזבים מפלגות נבחרו במסגרות פוליטיות ששם הם קיבלו את המנדט, שששווה גם מימון בחירות של מיליון וחצי שקל"
מירי רגב,שרת התחבורה הליכוד,4,על הטענה שהממשלה מקדמת הדתה,אנחנו מכבדים את הסטטוס קוו שקיים: לראשונה בחוק מקומות בידור פתוחים בשבת
משה פייגלין,פוליטיקאי זהות,5,על הישגי מפלגת זהות בבחירות לכנסת ה-21,אני באופן אישי הבאתי כמעט פי שתיים קולות מאיילת [שקד] ונפתלי [בנט] שרצו יחדיו
יאיר לפיד,"ראש האופוזיציה יש עתיד-תל""ם",4,על ההשקעה בבריאות של ממשלת נתניהו הרביעית,"כשר אוצר נתתי מענקים למתמחים שעובדים בפריפריה, כדי שישפרו את המצב שם. הם ביטלו את המענקים האלה"
ניצן הורוביץ,"יו""ר מרצ מרצ",3,על מצוקת האשפוז בישראל,היום התפרסם הנתון: 2 מיטות אשפוז לאלף איש בישראל. זה הכי נמוך מכל המדינות המפותחות בהרבה
איילת שקד,חברת כנסת ימינה,2,על החוק להגבלת שכר הבכירים במערכת הפיננסית,"שכר הבכירים תמיד היה לא-מוגבל, בחברות ציבוריות הוא לא מוגבל ובשום מקום בעולם הוא לא מוגבל"
אביגדור ליברמן,"יו""ר ישראל ביתנו ישראל ביתנו",3,על ההשקעה בפיקוח דתי ובפיקוח אזרחי,"בכל ישראל יש בסך הכל 20 מפקחות על מעונות יום, 30 פקחי בנייה, אבל 20 אלף משגיחי כשרות"
יאיר לפיד,"ראש האופוזיציה יש עתיד-תל""ם",4,על הסיבות לגירעון הממשלתי,ההוצאה הציבורית בשנה האחרונה עלתה ב-10%. ההכנסות ירדו מתחת לתחזיות כי לא גבו ולא תפעלו את המשק כמו שצריך
יבגני סובה,חבר כנסת ישראל ביתנו,3,על הטבות לחיילים שקידמה ישראל ביתנו,"מענק של יותר מאלף שקל בחודש לכל חייל בודד משוחרר, הטבות לחיילי מילואים עצמאים, את זה קידם שר הביטחון ליברמן"
יעל גרמן,חברת כנסת כחול לבן,1,"על חקיקה נגד טיפולי המרה לקטינים להט""בים","ניסיתי שלוש פעמים להעביר את זה, ובכל השלוש, בממשלה בראשות נתניהו שכביכול נזף ברב פרץ, החוק לא עבר"
אמיר אוחנה,השר לבטחון פנים הליכוד,2,על השקעת הממשלה בחינוך,"בשנה האחרונה, אם אני לא טועה, תקציב החינוך עבר את תקציב הביטחון. זה דבר שלא היה בתולדות המדינה"
ציפי חוטובלי,סגנית שר במשרד החוץ הליכוד,5,על הדמוקרטיה הפנימית בליכוד,אנחנו המפלגה היחידה שנותרה דמוקרטית במפה הפוליטית בישראל
עידית סילמן,חברת כנסת הבית היהודי,3,על הפיקוח על מעונות יום,"יש בישראל כחצי מיליון ילדים בגילאי לידה עד שלוש. 120 אלף במסגרות שמפוקחות על ידי משרד העבודה והרווחה, אבל 380 אלף במסגרות שאינן מפוקחות על ידי א-ף א-ח-ד!"
משה בוגי יעלון,"חבר כנסת יש עתיד-תל""ם",5,על הצלחתו בקידום גיוס בני ישיבות,למה אצלי בגצ לא התערב כשר הביטחון? אצלי החרדים עמדו ביעד
יפעת שאשא ביטון,שרת הבינוי והשיכון תקווה חדשה,3,על העברת האחריות למעונות היום למשרד החינוך,"גם כשהמשרד [של מעונות היום] עבר מהתמת לכלכלה ומהכלכלה לרווחה, בשום שלב לא היה תוספת תקציבית, הוא הועבר כאגף"
יאיר לפיד,"ראש האופוזיציה יש עתיד-תל""ם",2,על המפנה בביצועי החברות הממשלתיות בהיותו שר האוצר,השארתי לנתניהו חברות ממשלתיות שמרוויחות יותר מ-2 מיליארד שקל בשנה. כשקיבלתי אותן הן הפסידו 600 מיליון שקל בשנה
גלעד ארדן,השר לביטחון פנים הליכוד,2,על השיפור היחס המשטרה ליוצאי אתיופיה,בשנים האחרונות עשינו המון פעולות שהובילו בשנה האחרונה לירידה של 21% במעצרים בקרב בני הקהילה
ניצן הורוביץ,"יו""ר מרצ מרצ",2,על ההצבעות של ישראל ביתנו בנושאים אזרחיים,"בכל הממשלות שהוא [ליברמן] היה, הוא לא החמיץ שום הזדמנות להצביע נגד נישואים אזרחיים, נגד תחבורה ציבורית בשבת, נגד זכויות להטב"
יצחק פינדרוס,חבר כנסת יהדות התורה,0,על יחסו של שי פירון לחרדים,"כשישב איש יש עתיד במשרד החינוך, אז תוך כדי המלחמה בעזה ילדים חרדים לא היו זכאים לקייטנות בשדרות"
"ישראל כ""ץ",שר האוצר הליכוד,3,על תרומתו לירידה בקטל בדרכים,שיפרנו את מצב הבטיחות בדרכים עם ירידה של כ-30% במספר ההרוגים
אלי כהן,שר המודיעין הליכוד,3,על עמדת נגיד בנק ישראל בשאלת הטיפול בגירעון,"נגידים תמיד אומרים להעלות מסים. הם אמרו את זה גם ב-2015, ב-2016 וב-2017. מתי הם אמרו לא להעלות מסים?"
אלי כהן,שר המודיעין הליכוד,4,על המדיניות הלכלית של יאיר לפיד,"העלאת מסים מדכאת את המשק, מורידה את הצמיחה, מעלה את האבטלה. זה בדיוק מה שקרה בתקופתו של לפיד"
אחמד טיבי,חבר כנסת הרשימה המשותפת,2,על תוכנית המאה של טראמפ,זה לא הפעם הראשונה שהאמריקאים מציעים מיליארדים. גם ג'ון קרי הציע תכנית של 4 מיליארד
גילה גמליאל,השרה להגנת הסביבה הליכוד,1,על תקדימים לבקשתה לחון את עוזי משולם,"בארץ זה יהיה תקדים, אבל במקומות בעולם כבר התבצע שחוננים בן אדם לאחר מותו"
מיכל רוזין,חברת כנסת מרצ,1,על הטיפול בתלונות על פגיעה מינית בישראל,"מרכזי הסיוע מקבלים כ-40 אלף פניות בשנה, למשטרה מגיעות כ-6,000-5,000, והמציאות העגומה היא שרוב המקרים שמגיעים למשטרה נסגרים. כמעט 90% מהתיקים נסגרים על ידי המשטרה והפרקליטות"
בנימין נתניהו,ראש הממשלה הליכוד,1,על הגירעון התקציבי הגבוה באמצע 2019,"התמודדנו עם גירעונות גדולים יותר, גם עם זה נתמודד"
אביגדור ליברמן,"יו""ר ישראל ביתנו ישראל ביתנו",4,על המלצת ה-OECD לפנסיה מינימלית לגמלאים,דיברנו על הכנסת מינימום לכל הגמלאים [...] להביא את זה ל-70% משכר המינימום במשק - אותו קריטריון שקבע ארגון OECD שאנחנו משתייכים אליו
אביגדור ליברמן,"יו""ר ישראל ביתנו ישראל ביתנו",3,על היחס למי שהשתתפו בפעולות הטיהור באסון צ'רנוביל,רק ישראל העבירה חוק לטובת האנשים שפעלו בצ'רנוביל. ישראל ביתנו העבירה אותו
עמיר פרץ,שר הכלכלה העבודה,2,על יכולתו למשוך מצביעי ליכוד,"כשהתמודדתי מול ביבי כיור מפלגה, ניצחתי אותו בכל ערי הפיתוח בארץ, כולל בשדרות שקיבלנו 25%, כולל בקרית שמונה שהיא סמל של הליכוד"
משה בוגי יעלון,"חבר כנסת יש עתיד-תל""ם",3,על אי הסדר בעבודת הממשלה,המשרד היחידי שיש לו תכנית רב-שנתית זה משרד הביטחון
יובל שטייניץ,שר האנרגיה הליכוד,4,על הכנסות המדינה מגז טבעי,"מאז ועדת ששינסקי, שעשיתי אותה כשר אוצר, אנחנו מקבלים שני שליש מהרווחים מהגז הטבעי, אזרחי ישראל"
מיקי זוהר,"יו""ר הוועדה המסדרת הליכוד",4,על ההתחייבות להשאיר תיק המשפטים בידי הליכוד,התחייבנו גם לפני הבחירות שתיק המשפטים יעבור לאחד מאנשי הליכוד
אלי כהן,שר המודיעין הליכוד,3,על הגבלת ארגונים המחרימים את ישראל,"בכל העולם, כולל בגרמניה רק לאחרונה, מוציאים אל מחוץ לחוק את ה-BDS האנטישמיים"
רפי פרץ,שר לירושלים ומורשת הבית היהודי,5,על תיק החינוך,זה תיק שהיה לציונות הדתית תמיד
בצלאל סמוטריץ׳,"יו""ר האיחוד הלאומי ימינה",4,על השימוש בעונש מוות במדינות המערב,חזל אמרו שסנהדרין שהייתה מוציאה להורג פעם בשבעים שנה הייתה נחשבת סנהדרין קטלנית. הרבה פחות ממה שמוציאים להורג במדינות מערב מתוקנות
עודד פורר,חבר כנסת ישראל ביתנו,4,על מעורבות המפלגות החרדיות באישור הסכמי אוסלו,"הסיעות החרדיות הן לא סיעות ימין. אם אני מסתכל למשל על הסכמי אוסלו, הם עברו בזכות הסיעות החרדיות, בזכות סיעת שס"
אוסאמה סעדי,"חבר כנסת חד""ש-תע""ל",2,על מות ערבים בתאונות דרכים,"מאז תחילת השנה [היו] בחברה הערבית, במגזר הערבי, 37 הרוגים בתאונות דרכים. פי שניים מהאחוז שלנו בחברה"
מיקי זוהר,"יו""ר הקואליציה הליכוד",5,"על כך שצה""ל אינו זקוק למגויסים חרדים","צהל בעצמו אומר שמשנת 2020 הוא הולך לצמצם את כמות המגויסים, מתוך הפנמה שאין צורך בכמות כזאת של חיילים. לא במגזר החרדי - במגזר החילוני"
"ישראל כ""ץ",שר האוצר הליכוד,0,על תרומתו לפתרון הצפיפות ברכבת,"תוספת מאות מקומות לנסיעה ותדירויות לקו נהריה התאפשרה הודות ליישום הנחייתי בידי הנהלת הרכבת, ובעיקר ביטול עיצומי הוועד"
אסף זמיר,שר התיירות כחול לבן,4,על מרכזיותה של תל אביב למדינת ישראל,"תל אביב היא צומת שעוברים בה 3 מיליון איש, 2 מיליון, 2.5 מיליון איש [...] 4% מתושבי מדינת ישראל גרים בתל אביב אבל היא אחראית על 25% מהתמג"
צחי הנגבי,השר לענייני התיישבות הליכוד,2,על הביקורת בדבר הקמת ממשלה רחבה,"רהמ היחיד שכיבד את ההחלטה על 18 שרים היה בנימין נתניהו. כל [משך כהונת] הממשלה שכיהנתי בה כשר המשפטים, מ-96' עד 99', [היא] מנתה 18 שרים"
שלי יחימוביץ',חברת כנסת העבודה,4,על תיקון חוק החסינות בשנת 2005,"למה ב-2005 שונה החוק, ועל ידי מי? בהובלת מי שעמד בראש ועדת חוקה, מיקי איתן [...] כשהצביעו בשבילו כל חברי הליכוד, וכמות ענקית, אולי רוב, של חברי הכנסת"
זאב אלקין,מועמד לכנסת תקווה חדשה,4,על החסינות הנשיאותית בצרפת,"כמה מהנשיאים שהיו בצרפת בתקופות האחרונות, כולם כמעט, היו תחת סכנה של חקירה בזמן הכהונה שהוקפאה ונמשכה אחר כך, והיו כאלה שזה הניב גם תוצאות"
מאיר כהן,חבר כנסת יש עתיד - כחול לבן,4,על הרוב שהליכוד דורש בוועדת הכנסת,הם רוצים שיהיה רוב של 11 לקואליציה מול 7 לאופוזיציה… גם בוועדת הכנסת… יש כאן בקשה לדריסה חסרת תקדים
מיכל רוזין,חברת כנסת מרצ,3,על מדד המחירים והשכר בישראל לעומת באירופה,"כח הקנייה של האזרח הישראלי קטן משל חבריו באירופה [...] בכל פעם שתראו עליית מחירים במדד לצרכן, תשאלו את עצמכן: מתי בפעם האחרונה קיבלתם העלאה דומה במשכורת?"
שלי יחימוביץ',"ח""כ העבודה",4,על הונו של נתניהו,נתניהו אינו אדם עני. הוא אחד האנשים האמידים בישראל לפי פורבס
יועז הנדל,חבר כנסת תקווה חדשה,3,"על שיעורי חינוך ציוני וגיוס לצה""ל",מעל 50% מתלמידי כיתות א' לומדים בחינוך לא ציוני [...] ורק 50% מהצעירים במדינת ישראל מתגייסים ו-43% מסיימים שירות מלא
בנימין נתניהו,ראש הממשלה הליכוד,5,על המנהג למחוא כפיים בעת נחיתה,"בכל פעם שהמטוס נוחת בנתבג, פתאום כולם מוחאים כפיים. אין דבר כזה בעולם. חפשו מדינה שהמטוס נוחת אצלה והם מוחאים כפיים, אין דבר כזה"
דני דנון,"שגריר ישראל באו""ם",3,"על הגיבוי בעולם לתקיפות צה""ל בעזה","לא רק ארהב – גם האיחוד האירופי, מזכל האום, מדינות רבות אמרו 'ישראל צודקת בהתקפות שלה'"
יאיר לפיד,"חבר כנסת יש עתיד-תל""ם",5,על ההבדל בקצבאות לקשישים ולתלמידי ישיבות,"אם יש היום סבא בן 80 שלחם בכל מלחמות ישראל, הוא מקבל קצבה של 2,432 שקל, אבל אם יש תלמיד ישיבה בן 19, שמשתמט מגיוס לצהל, הוא יקבל 8,000 שקל עכשיו, כי זה מה שהם סידרו לו בממשלה הזאת"
דני דנון,"שגריר ישראל באו""ם",3,על האנטישמיות בארצות הברית,דוח של ה-FBI ל-2018 מציין עלייה במספרים: רוב פשעי השנאה היום בארצות הברית הם נגד יהודים
מיקי זוהר,"יו""ר הקואליציה הליכוד",5,על החשדות נגד ראש הממשלה נתניהו,מעולם לא היה במדינת ישראל [ש]יחסי תקשורת-פוליטיקה נחשבים כשוחד
