date,page/account,is_comment,text,binary label,explanation,comments,link,,קבוצות לבדוק בהן: 
24/09/2021,חיסוני קורונה ותופעות לוואי בזמן אמת,yes,לא הייה חיסון לקורונה וגם לא יהייה....שטויות במיץ,0,,,,,https://www.facebook.com/groups/171810053014040/
26/09/2021,חיסוני קורונה ותופעות לוואי בזמן אמת,yes,ה Mrna גורם לתא בתוך השריר לייצר חלבון ספייק של קורונה ואז הגוף מייצר נוגדנים כלפי החלבון קורונה בגלל זה החיסון לא עובד טוב על כולם כי לא לכולם המערכת החיסונית עובדת כמו שצריך,1,,לבדוק,,,
26/09/2021,חיסוני קורונה ותופעות לוואי בזמן אמת,yes,זה לא חיסון אלא תכשיר נסיוני שלא מגן בכלום הכול עבודה בעניים כי חיסון חייב לעבור ניסויים כ10 שנים ולא כול 3 חודשים יוצא יענו חיסון חדש,0,,מתאים?,,,
26/09/2021,חיסוני קורונה ותופעות לוואי בזמן אמת,yes,זה לא חיסון הנגיף מעולם לא בודד הבדיקות שקריות אין קשר למיגור מגיפה הכל שקרים Wake up,0,,,,,
26/09/2021,חיסוני קורונה ותופעות לוואי בזמן אמת,yes,מעניין באמת. גם לדעתי יש קשר בן הסוג דם והנוגדנים שהוא מייצר בזמן מחלה או חיסון,1,,מתאים?,,,
25/09/2021,חיסוני קורונה ותופעות לוואי בזמן אמת,no,למישהו יש מידע לגביי חולים קשה או מתים בנוגע מקורונה לסוג דם O או פלוס או מינוס סה נתון שלא מספרים לנו ייתכן שהם לא בסכנהנכמו ab ?,,,מתאים? ולבדוק,,,
02/09/2021,חיסוני קורונה ותופעות לוואי בזמן אמת,yes,"יש לך בעיה רצינית בהבנת הנושא - החיסון ( לא ניסוי לא ניסוי ) עבר בדיקות מחמירות של רשות הבריאות האמריקאית , וסתם קצת השכלה יא דבע - זאת הרשות הכי מחמירה בבדיקות של חיסונים ותרופות . אל לך תלמד קצת אהבל !! ליפני שאתה מביע דיעות ללא שום בסיס מדעי",1,,לבדוק,,,
02/09/2021,חיסוני קורונה ותופעות לוואי בזמן אמת,yes,הניסוי ( חיסון ) יכול לגרום לדלקת בשריר הלב ! ( לפי fda ופייזר ),0,,,https://www.facebook.com/groups/421434465970824/permalink/565424624905140/,,
02/09/2021,חיסוני קורונה ותופעות לוואי בזמן אמת,yes,הייתי עד לעדויות של אנשים שאני מכיר שמספרים שיקיריהם מתו לאחר החיסון הניסיוני ! אני עד לעדיות של קרובי משפחה שיש להם בעיות נרולוגיות ושיתוק לאחר ההזרקה . ,0,עדות לעדויות זה מידע שעבר בין כמה גורמים וכנראה בגלגול הנוכחי שלו אינו מהימן,,https://www.facebook.com/groups/421434465970824/permalink/565424624905140/,,
02/09/2021,חיסוני קורונה ותופעות לוואי בזמן אמת,yes,אזרחי מדינת ישראל משמשים לשפני ניסיון בתכשירים המוזרקים של פייזר .,0,"כן פייזר אוספים מידע על המתחסנים, אבל הניסוח מטעה",,https://www.facebook.com/groups/421434465970824/permalink/565424624905140/,,
02/09/2021,חיסוני קורונה ותופעות לוואי בזמן אמת,yes,שי עדיות של מחוסנים שנידבקים לאחר ההזרקת החומר של פייזר וחולים קשה ואף מתים לאחר מכן .,1,,טיפה ערכנו את הטענה כדי שתהיה נכונה,https://www.facebook.com/groups/421434465970824/permalink/565424624905140/,,
02/09/2021,חיסוני קורונה ותופעות לוואי בזמן אמת,yes,גם אם 100% יהיו מוזרקים לא יכול להיות חיסון עדר / כל חצי שנה צריך לחדש חיסון . אז שכל אחד יעשה את השיקול שלו .,1,,,https://www.facebook.com/groups/421434465970824/permalink/565424624905140/,,
02/09/2021,חיסוני קורונה ותופעות לוואי בזמן אמת,yes,יש מספר עובדות . 1. הניסוי ( חיסון ) יכול לגרום לדלקת בשריר הלב ! ( לפי fda ופייזר ) 2. הייתי עד לעדויות של אנשים שאני מכיר שמספרים שיקיריהם מתו לאחר החיסון הניסיוני ! 3. אני עד לעדיות של קרובי משפחה שיש להם בעיות נרולוגיות ושיתוק לאחר ההזרקה . 4. אזרחי מדינת ישראל משמשים לשפני ניסיון בתכשירים המוזרקים של פייזר . 5. שי המון עדיות של מחוסנים או משתתפי הניסוי שנידבקים לאחר ההזרקת החומר של פייזר וחולים קשה ואף מתים לאחר מכן . 6. גם אם 100% יהיו מוזרקים לא יכול להיות חיסון עדר / כל חצי שנה צריך לחדש חיסון . אז שכל אחד יעשה את השיקול שלו . ,,,"פיצלנו לכמה פוסטים שונים, בשורות שמעל. השארנו כאן את הפוסט המקורי, והתיוג נשאר נאל",https://www.facebook.com/groups/421434465970824/permalink/565424624905140/,,
02/09/2021,חיסוני קורונה ותופעות לוואי בזמן אמת,yes,"נראה לך שהרופאים יתנו תשובה אמתית???? ממש לא, הם מקבלים הוראות מלמעלה, גם אם הרופא ישר הוא חושש על מקום העבודה",0,,תיקנו שגיאת הקלדה,https://www.facebook.com/groups/421434465970824/permalink/565424624905140/,,
02/09/2021,חיסוני קורונה ותופעות לוואי בזמן אמת,yes,"אם את רוצה לתרום את גופך למדע אז תתחסני, אם את פחות בעניין של ניסויים אל תתחסני. אין עדיין מידע לגבי החיסון השלישי לכן לא יעזור לשאול.",0,,,https://www.facebook.com/groups/421434465970824/permalink/565424624905140/,,
02/09/2021,חיסוני קורונה ותופעות לוואי בזמן אמת,yes,"לפי מחקר קליני על ניתוחי גופות בסמוך לקבלת הזריקה, הנתונים לא מעודדים לקבל זריקה כלשהי הספייק חוצה את מחסום הדם-מוח, מגיע לאיברים שיש בהם את קולטן ה-ACE2 הוא מראה במצגת איך נראים איברים עם דלקת שנגרמה לאחר הזריקה.",0,,לבדוק. הוסיפ מקור: https://sites.google.com/view/itistimetorisup/%D7%94%D7%97%D7%99%D7%A1%D7%95%D7%9F-%D7%90%D7%A9%D7%9D-%D7%91%D7%AA%D7%95%D7%A4%D7%A2%D7%95%D7%AA-%D7%94%D7%9C%D7%95%D7%95%D7%90%D7%99-%D7%95%D7%94%D7%9E%D7%95%D7%95%D7%AA-%D7%A2%D7%93-%D7%A9%D7%99%D7%95%D7%9B%D7%97-%D7%90%D7%97%D7%A8%D7%AA-%D7%93%D7%A8-%D7%A8%D7%99%D7%90%D7%9F-%D7%A7%D7%95%D7%9C?authuser=0&fbclid=IwAR3mGUAsGFQdHZW7mNgKO8MQD1qtr133AfO7Qq9uycVtbbRbshaNu29E_-M,https://www.facebook.com/groups/421434465970824/permalink/565424624905140/,,
02/09/2021,חיסוני קורונה ותופעות לוואי בזמן אמת,yes,דר' זלנקו מעיד שליצמן פנה אליו בפרטי לקבל טיפול אלטרנטיבי. לעצמם הם דואגים. דר זלנקו מי שלא יודע רופא יהודי שטיפל בקורונה שטרמפ חטף,,,לבדוק,,,
02/09/2021,חיסוני קורונה ותופעות לוואי בזמן אמת,yes,מתי יבינו שבסופו של דבר אם המצב ימשיך כך עם החיסונים יהיה דילול אוכלוסיה הם לא רוצים אנשים חיים,0,,לבדוק,,,
22/09/2021,חיסוני קורונה ותופעות לוואי בזמן אמת,yes,"מגיפה זו מחלה של אוכלוסיה ועל מנת לרפא את האוכלוסיה יש לחסן את כל הפרטים בה. יש לזה חשיבות אדירה במניעה של יצירת וואריאנטים. ישנם 2 מקורות לוואריאנטים. המקור הבעייתי יותר הוא אנשים עם כשל חיסוני אשר לא מפתחים חיסוניות למרות שמחוסנים. אצלהם הווירוס יכול להסתובב בגוף חודשים שכן בגלל הכשל החיסוני הם לא מחוסנים, לא מבריאים, למפתחים מחלה קשה ולא עוצרים וואריאנטים, שכן פעולות אלו תלויות במערכת חיסון בריאה. חלקם יתפתחו אצל לא מחוסנים, גם אם יחלו במחלה אסימפטומטית. לכן, חשוב שכולם יתחסנו זו הדרך היחידה לרפא את האוכלוסיה.",1,,,https://www.facebook.com/groups/421434465970824/permalink/577815936999342/,,
22/09/2021,חיסוני קורונה ותופעות לוואי בזמן אמת,yes,"נכון לא נכון, חרטט בביטחון תקרא קצת את ההמלצות של גירט ואנדן בוש, מומחה חיסונים עולמי. בקצרה- חיסון במצב של מגיפה יוצר וריאנטים ומסכן את כולם",0,"לא נכון, מקור שמסביר זאת: https://www.science.org/content/blog-post/vaccines-will-not-produce-worse-variants",,https://www.facebook.com/groups/421434465970824/permalink/577815936999342/,,
22/09/2021,חיסוני קורונה ותופעות לוואי בזמן אמת,yes,"אכן, מגיפה מחלה של אוכלוסיות ולא אנשים וצריך יהיה לחסן את העולם. לשימחתינו בינתיים הוואריאנטים שבישראל לא פרצו את החיסון והם רגישים אליו בהנתן חיסוניות (בעקבות הבוסטר) מבחינת ישראל, כל מנת חיסון בעולם מפחיתה את הסיכוי לוואריאנטים. כמו וואריאנט אלפא. כל מנת חיסון בישראל מפחיתה נכון להיום את רמת התחלואה בארץ.",1,,לבדוק,https://www.facebook.com/groups/421434465970824/permalink/577815936999342/,,
24/09/2021,חיסוני קורונה ותופעות לוואי בזמן אמת,yes,"דום לב, התקפי לב ושבץ אינם תופעות לוואי של החיסון. לכל היותר אתה יכול להכריז כי לפי נתונים לא רשמיים שאספת לפחות 4,000 איש בישראל קבלו אירוע לב.",1,,לבדוק. מצרף מקור: https://www.cdc.gov/vaccinesafety/ensuringsafety/monitoring/vaers/index.html?fbclid=IwAR14WEYjsbFQ7HKyjvs3wlqSW4YNoApgd29IO1snrnXOstFOf65wRPBloLk,,,
19/09/2021,חיסוני קורונה ותופעות לוואי בזמן אמת,yes,"יש דחף ואינטרס כלכלי מצד גורמים עוינים לשנות את מספר המתים לטובת קורונה
וזה מוכח",0,,,,,
20/09/2021,חיסוני קורונה ותופעות לוואי בזמן אמת,yes,"220 אלף על כל אחד שנרשם שנפטר מקורונה. תראו מה הסיכויים להיפגע מהחיסון במדינה שאשכרה עוקבת אחרי הנזקים (ארה""ב), לא כמו בישראל שמטייחים וראש הממשלה משקר לגביהם. https://openvaers.com/covid-data יש שם טבלה שמראה על דיווחי מוות של אנשים בריאים בסמוך לחיסון. כל השנים זה על המינימום וב-2020/21 זה קופץ לשמיים... זה בגלל ה""חיסון"" לקורונה שעובד בשיטה שאף חיסון עד היום לא עבד בה, שיטה נסיונית שעד היום השתמשו בה רק על חיות וגם החיות מתו... אני לא ממציא, תחקרו קצת על mrna vaccines אבל אל תכנסו ללינקים הראשונים שממומנים על ידי חברות התרופות אם לא נפגעים אחרי שלוש זריקות אז הבוסטר הרביעי, חמישי יעשה זאת... ולמרות שאין מעקב מסודר בישראל, יש את הקבוצה הזאת https://www.facebook.com/groups/242682556373559/?ref=share אם מעניינת אתכם האמת... הכל עדויות מקור ראשון של הנפגעים עצמם או קרוביהם ויש בלא מעט מקרים גם תמונות",0,,בתגובה לשאלה כמה בתי חולים מקבלים על כל נפטר קורונה,,,
20/09/2021,חיסוני קורונה ותופעות לוואי בזמן אמת,yes,"ברור, 220 אלף על כל נפטר ""קורונהה""",,,"אולי ציני, בעייתי",,,
20/09/2021,חיסוני קורונה ותופעות לוואי בזמן אמת,yes,"שתפו לקרובים לכם על תופעות לוואי של החיסון, בבדיקת די-דימר שביצע ד""ר הופה במטופלים המחוסנים שלו זיהה באופן מטריד כי 62% מהם סובלים מקרישי דם מיקרוסקופיים. מה שזה אומר הוא: ‫שקרישי הדם הללו אינם נדירים. ‫זה אומר שלרוב האנשים נוצרים קרישי דם ‫‫ושאין להם אפילו מושג שיש להם אותם. מה שהמדאיג ביותר בנוגע לזה, ‫זה שיש כמה חלקים בגוף ‫כמו הלב, המוח, חוט השדרה והריאות שלא יכולים להתחדש. ‫כאשר הרקמות הללו ‫נפגעות מכלי דם חסומים ‫הם ניזוקים לצמיתות.",,,לבדוק. מקור: https://healthybreathing.co.il/blood-clots/,,,
20/09/2021,חיסוני קורונה ותופעות לוואי בזמן אמת,yes,יולדת זה בערך 10 אלף והיא יוצאת חיה + אז על מת ממגפה דמיונית בטח יותר,0,,,,,
19/09/2021,חיסוני קורונה ותופעות לוואי בזמן אמת,yes,חחחחח הם לא ירגעו עד שירעילו את כולכם על איזה תו אתה מדבר,0,,,,,
29/08/2021,חיסוני קורונה ותופעות לוואי בזמן אמת,yes,זה אותו החיסון בדיוק כמו הראשון. כך שכולם משקרים!!!,,,"תיקנו ""מעקרים"" ל""משקרים"". לבדוק אם מדובר בדיוק באותו החיסון",https://www.facebook.com/groups/421434465970824/permalink/557891532325116/,,
05/09/2021,חיסוני קורונה ותופעות לוואי בזמן אמת,yes,"ד""ר שון ברוקס הוא פותח ואומר כי ‫ד""ר רוברט מאלון זה שיצר את ‫חיסון שליח ה-RNA אמר: ש‫אף אחד לא צריך לקחת ‫את הזריקות הללו אי-פעם, ‫בכל מצב שהוא. עוד אמר ד""ר מאלון כי לעולם אל תעשו זאת! שתפו והעבירו ברשת -",,,מקור: https://bit.ly/3AZr4oY,https://www.facebook.com/groups/421434465970824/permalink/557891532325116/,,
05/09/2021,חיסוני קורונה ותופעות לוואי בזמן אמת,yes,נכון לעכשיו ידוע יותר על פגיעות בעוברים של נשים הרות שחלו בקורונה ולא היו מחוסנות. עד למקרה קיצוני שהיה השבוע מות עובר בחודש התשיעי ברחמה של חולת קורונה,1,,לבדוק,https://www.facebook.com/groups/421434465970824/permalink/557891532325116/,,
06/09/2021,חיסוני קורונה ותופעות לוואי בזמן אמת,yes,כשיש נימלול לאחר חיסון מעיד על תופעת לוואי שקורית מקרישיות בדם,,,מקור: https://bit.ly/3ADjIID,https://www.facebook.com/groups/421434465970824/permalink/567997074647895/,,
05/09/2021,חיסוני קורונה ותופעות לוואי בזמן אמת,yes,"משרד הבריאות לא רוצים לעורר בהלה ולגרום לאנשים להמנע מלהתחסן, ולכן מסתירים את נזקי החיסון לאוכלוסיות רבות באוכלוסייה כמו חולי לב,בעלי מערכת חיסון חלשה ומחלות גנטיות רדומות, שהחיסון עבורם עלול להיות קטלני, ולעורר מחלות רדומות וקטלניות.",1,"לא ידוע בוודאות אם משרד הבריאות מסתיר, אבל הפוסט נכון מבחינה של אוכלוסיות שהחיסון עלול להזיק להן, ומשרד הבריאות הפיץ רשימה של האוכלוסיות הללו.",,https://www.facebook.com/groups/421434465970824/permalink/561627551951514/,,
05/09/2021,חיסוני קורונה ותופעות לוואי בזמן אמת,yes,לפני החיסון הראשון היתה החרגה של כל סוג של אלרגיה המצריכה שימוש המזרק אפיפן. מאז זה שונה רק לאלרגיות לחומרים המצויים החיסון עצמו.,1,,"מקורות: https://www.cdc.gov/coronavirus/2019-ncov/vaccines/recommendations/specific-groups/allergies.html?fbclid=IwAR3nWA18JyZjov1P_MZ6JDTGeH5iqoDxxa1xWxUhGKa5ZCjPBFv1yXhv--Y
     https://www.clalit.co.il/he/your_health/family/Pages/who_cant_vaccinate.aspx?fbclid=IwAR2ngH9yUX5MAmrLBFf42dwuqBAFf8s4myOdBna6_zg7O83x6WgIKmYVdwc",https://www.facebook.com/groups/421434465970824/permalink/561627551951514/,,
11/09/2021,חיסוני קורונה ותופעות לוואי בזמן אמת,yes,"טינטון היא תופעת לוואי אפשרית של החיסון, זו הסיבה שאני לא מתחסן.",0,,,https://www.facebook.com/groups/421434465970824/permalink/571424844305118/,,
12/09/2021,חיסוני קורונה ותופעות לוואי בזמן אמת,yes,"אל דאגה, התופעה ידועה ומוכרת... כ15 אחוז מהמתחסנים מתחדשים בנפיחות בלימפות. שלושה עד שבעה ימים זה יחלןף",0,,,https://www.facebook.com/groups/421434465970824/permalink/571009401013329/,,
12/09/2021,חיסוני קורונה ותופעות לוואי בזמן אמת,yes,חבל כל חיסון מגביר את הסיכוי להידבק עוד הפעם,0,,,https://www.facebook.com/groups/421434465970824/permalink/570220344425568/,,
12/09/2021,חיסוני קורונה ותופעות לוואי בזמן אמת,yes,"במקרה ונדבקת, החיסון אמור להגן עליך ממחלה קשה. הוא לא אמור למנוע ממך להידבק או להדביק.",1,,,https://www.facebook.com/groups/421434465970824/permalink/570220344425568/,,
12/09/2021,חיסוני קורונה ותופעות לוואי בזמן אמת,yes,אל תתחסנו זה רעל איטי,0,,,https://www.facebook.com/groups/421434465970824/permalink/570220344425568/,,
12/09/2021,חיסוני קורונה ותופעות לוואי בזמן אמת,yes,"טוב גם המסכה עוזרת, אבל לא יותר מדי, ויש תופעות לווי קשות ממנה. אני שמחה שיש לי פטור. עדיין לא נדבקתי ולא הדבקתי למזלי. אין אף הוכחה מדעית שמסכה מונעת הדבקות. אני שומרת מרחק, משתדלת להיות במקומות עם חלונות פתוחים (חובה) ולשמור על בריאות ומערכת החיסון תקינים ככל שאפשר. זה באמת מונע הכי טוב",0,"הוכחה מדעית - 
https://davidson.weizmann.ac.il/online/askexpert/%D7%94%D7%90%D7%9D-%D7%9E%D7%A1%D7%9B%D7%95%D7%AA-%D7%94%D7%A4%D7%A0%D7%99%D7%9D-%D7%9E%D7%92%D7%99%D7%A0%D7%95%D7%AA-%D7%9E%D7%A0%D7%92%D7%99%D7%A3-%D7%94%D7%A7%D7%95%D7%A8%D7%95%D7%A0%D7%94",לבדוק,https://www.facebook.com/groups/421434465970824/permalink/570220344425568/,,
12/09/2021,חיסוני קורונה ותופעות לוואי בזמן אמת,yes,שתדעי שמעתי שיש גם סוגי דם שסוג מסוים לא נדבק וכאילו שיש קשר . צריך תזונה נכונה וויטמין די ועוד ...,0,,,https://www.facebook.com/groups/421434465970824/permalink/570220344425568/,,
12/09/2021,חיסוני קורונה ותופעות לוואי בזמן אמת,yes,"נדבקת לא למרות החיסונים אלא, בגלל ובעקבות החיסונים!! החיסונים עצמם מביאים את המחלה לאנשים בריאים. אותה ועוד שלל מחלות נוספות כתוספת לוואי",0,,,https://www.facebook.com/groups/421434465970824/permalink/570220344425568/,,
12/09/2021,חיסוני קורונה ותופעות לוואי בזמן אמת,yes,ברור שלא 2 לא עזרו השלישי יקלקל בכל מיקרה החיסונים לא שווים כלום ואת התופעות לוואי מסתירים,0,,,https://www.facebook.com/groups/421434465970824/permalink/570220344425568/,,
26/09/2021,וירוס קורונה - מדברים על הכל,yes,החלטת הfda אינה תופסת מחוץ לארצות הברית. כל מדינה יכולה להחליט כראות עיניה. גם בישראל יש מומחים מצויינים.,1,,,https://www.facebook.com/groups/503350980581730/permalink/889999248583566/,,
26/09/2021,וירוס קורונה - מדברים על הכל,yes,"ככלל אין מניעה לקבל את שני החיסונים יחד, אך משרד הבריאות החליט על הפרש של 7 ימים בין החיסונים, כדי שהצוותים הרפואיים יוכלו לעקוב אחר המתחסנים ולנטר תופעות לוואי.",0,שווה לבדוק בכל זאת עם מומחה,"לבדוק. מדובר על חיסון שפעת, אחרי קבלת החיסון השלישי",https://www.facebook.com/groups/503350980581730/permalink/889954121921412/,,
02/10/2021,נפגעי חיסונים - גם לנו זה קרה (עדויות מצולמות),yes,"לשתות עלי מורינגה, מחזק מערכת החיסון ומלא ויטמינים במינון גבוה",0,"https://he.wikipedia.org/wiki/%D7%9E%D7%95%D7%A8%D7%99%D7%A0%D7%92%D7%94_%D7%9E%D7%9B%D7%95%D7%A0%D7%A4%D7%AA#%D7%A9%D7%99%D7%9E%D7%95%D7%A9%D7%99%D7%9D_%D7%91%D7%A8%D7%A4%D7%95%D7%90%D7%94_%D7%94%D7%A2%D7%9E%D7%9E%D7%99%D7%AA_%D7%95%D7%94%D7%97%D7%9C%D7%95%D7%A4%D7%99%D7%AA,_%D7%95%D7%91%D7%99%D7%A7%D7%95%D7%A8%D7%AA",,https://www.facebook.com/groups/242682556373559/permalink/888237565151385/,,
03/10/2021,נפגעי חיסונים - גם לנו זה קרה (עדויות מצולמות),yes,החיסון הזה זו עבודת אלילים. ומי את שתטילי ספק באל החיסון?,0,,,https://www.facebook.com/groups/242682556373559/permalink/888577828450692/,,
02/10/2021,נפגעי חיסונים - גם לנו זה קרה (עדויות מצולמות),yes,"אם היתה לך תגובה בעייתית אחרי החיסון השני, יש סיכוי שתיפגע יותר אחרי השלישי.",,,חלק מתגובה,https://www.facebook.com/groups/242682556373559/permalink/888325031809305/,,
02/10/2021,נפגעי חיסונים - גם לנו זה קרה (עדויות מצולמות),yes,"אם אתה כן מחליט לקחת זריקה- חפש בשוק, יש מוצרים שיכולים להפחית משמעותית תופעות לוואי וכדאי לבדוק ולנסות למזער את הנזקים.",1,,חלק מאותה תגובה,https://www.facebook.com/groups/242682556373559/permalink/888325031809305/,,
02/10/2021,נפגעי חיסונים - גם לנו זה קרה (עדויות מצולמות),yes,ידוע לא מעט על פגיעה בבלוטת התריס ובלוטות הלימפה שליד מיד אחרי החיסון הראשון או השני,1,"בלוטת התריס לא - https://wikirefua.org.il/w/index.php/%D7%91%D7%9C%D7%95%D7%98%D7%AA_%D7%94%D7%AA%D7%A8%D7%99%D7%A1_%D7%95%D7%95%D7%99%D7%A8%D7%95%D7%A1_%D7%94%D7%A7%D7%95%D7%A8%D7%95%D7%A0%D7%94_-_Thyroid_disease_and_the_coronavirus
בלוטת הלימפה כן - 
https://www.haaretz.co.il/health/corona/coronavaccine/.premium-1.9589179",חלק מתגובה,https://www.facebook.com/groups/242682556373559/permalink/888325031809305/,,
02/10/2021,נפגעי חיסונים - גם לנו זה קרה (עדויות מצולמות),yes,"אתה תמות , חמוד, צר לי. תקח שלישי - תקרב עוד יותר את המוות, לא תקח - עוד כמה שנים יש לך (אולי).",0,,,https://www.facebook.com/groups/242682556373559/permalink/888325031809305/,,
03/10/2021,נפגעי חיסונים - גם לנו זה קרה (עדויות מצולמות),yes,"התו הירוק בקרוב יבוטל. ואתה תישאר עם תופעות לוואי עד סוף ימיך, אולי תהפוך לשבר כלי כמו רבים אחרים שזה קרה להם. תיקח נשימה עמוקה ותמתין. הבריאות זה המשאב בכי יקר שלך אל תזלזל בו.",0,,,https://www.facebook.com/groups/242682556373559/permalink/888325031809305/,,
02/10/2021,נפגעי חיסונים - גם לנו זה קרה (עדויות מצולמות),yes,תתחסן ותהיה מוכן לתוצאות. אם חלילה הבלוטה מתנפחת יש צמחים לניקוי הלימפה. אם חלילה מדובר בגידול סרטני תנסה להשיג חומר שנקרא פנבנדזול fenbendazole מארהב ותקח אותו במיידית לתקופה רצופה של 3-6 חודשים. זה מונע התפתחות של תאים סרטנים ויגן על מערכת הלימפה. אם חלילה זה יקרה יהיה לך קל יותר לקבל אישור להמנע מהחיסונים הבאים אבל מאחלת לך שלא תצטרך מהסיבה הזאת,,,לבדוק,https://www.facebook.com/groups/242682556373559/permalink/888325031809305/,,
03/10/2021,נפגעי חיסונים - גם לנו זה קרה (עדויות מצולמות),yes,"לטיפול בתאים סרטניים (לא עלינו) תירס…. שן הארי, בורדוק (לפה), ברבריס, גדילן, דבקה זיפנית.",0,,שילוב של שתי תגובות של אותו אדם,https://www.facebook.com/groups/242682556373559/permalink/888325031809305/,,
03/10/2021,נפגעי חיסונים - גם לנו זה קרה (עדויות מצולמות),yes,"ממליצה לגשת להומיאופת קלאסי. להומיאופתיה יש הרבה ניסיון טיפולי בנזקי חיסונים. אתה מוזמן להיכנס לאתר האגודה ולמצוא הומיאופת לפי איזור מגוריך. https://www.homeopathy-israel.co.il/  אפשר גם לפנות לקו חם של הומיאופתים שמטפלים בנזקים אחרי חיסוני קורונה מאז ינואר 2021 ויש להם לא מעט ניסיון בזה , דרך הקישור הזה: https://homeohelp.co.il/ בהצלחה! ",,,,https://www.facebook.com/groups/242682556373559/permalink/888325031809305/,,
03/10/2021,נפגעי חיסונים - גם לנו זה קרה (עדויות מצולמות),yes,ירידה קלה בחולים הקשים כי רובם מתו. עוד מעת לא יהיו חולים קשה,0,,,https://www.facebook.com/groups/242682556373559/permalink/888325031809305/,,
02/10/2021,נפגעי חיסונים - גם לנו זה קרה (עדויות מצולמות),yes,לעשות ניקוי רעלים אינטנסיבי אצל הומופאטית ושטית תה מחטי אורן ינקה את הזיהום,,,,https://www.facebook.com/groups/242682556373559/permalink/888325031809305/,,
03/10/2021,נפגעי חיסונים - גם לנו זה קרה (עדויות מצולמות),yes,הרי יש קבוצות רופאים שבמפורש אמרו שהחיסון הזה כנירא מעיר מחלות כרוניות . הבעיה היא לא בבולוטות שלך שצריך לטפל בהם הבעיה היא בחיסון שמעיר משהו כרוני,0,יש לבדוק עם מומחה,חלק מתגובה,https://www.facebook.com/groups/242682556373559/permalink/888325031809305/,,
03/10/2021,נפגעי חיסונים - גם לנו זה קרה (עדויות מצולמות),yes,לפי מה שאמר דניאל עשור החיסון מייצר קרישוני דם זעירים ואספקת הדם לאיבר מסויים בגוף נפגעת .. ברגע שהדם שמגיע לבלוטת הלימפה לא עושה את הפעולה של אספקת חמצן וניטור רעלים אז בשלב הראשון תהיה תופעה של נפיחות דלקתית ואז זה עלול להחמיר יותר אני לא אפרט כדי לא לתת לך רעיונות . אז התו הירוק יבוטל תוך חודש ... ומה שיישאר לך זה סיכון למחלה ,,,,https://www.facebook.com/groups/242682556373559/permalink/888325031809305/,,
02/10/2021,נפגעי חיסונים - גם לנו זה קרה (עדויות מצולמות),yes,"רשימת המרכיבים המלאה בחיסוני פייזר ובזריקת רעל אשר ניתנת בהוצאה להורג ( וואלה בריאות וויקיפדיה ) RNA מסנג'ר (mRNA) ששונה על ידי נוקלאוזיד המקודד את הגליקופרוטאין הדוקרני של SARS-CoV-2 (זה מה שגורם לזריקה לעבוד) ליפידים, או חומרים שומניים, כוללים:  (4-הידרוקסיבוטיל) אזאנדייל BIS (הקסאן-6,1-דייל) BIS (2-הקסילדקאנוט) - 0.43 מ""ג (שומן סינטטי, הציפוי של ה-mRNA) 2 פוליאתילן גליקול 2000 (חומר שנחשב לרוב אינרטי, כלומר לא אמור להפעיל תגובה חיסונית והוא רכיב שכיח בחיסונים), N,N- ditetradecylacetamide - מינון 0.5 מ""ג. דיסטרואיל-סנגליצרו-3-פוספוקולין, 0.09 מ""ג (סוג של פוספוליפיד) כולסטרול 0.2 מ""ג ** אשלגן כלורי 6 מ""ג ** אשלגן דיהידרוגני פוספט 0.36 מ""ג נתרן כלורי (מלח) 0.01 מ""ג דיסודיום מימן פוספט מיובש 0.07 מ""ג רשימת המרכיבים של ""זריקת רעל "" אשר ניתנת בהוצאות להורג: בזה אחר זה ניתנים שלושת הסמים בזריקה לתוך הווריד באופן איטי: תיופנטל סודיום (נתרן) (נקרא גם סודיום פנטוטל) - משמש להרגעה. סמי הרגעה גורמים לירידה בעירנות וההכרה של האדם עד כדי הרדמות. מחקרים הראו כי לעיתים הכמות המוזרקת ממרכיב כימי זה קטנה, ובמצב זה אינה גורמת לאיבוד הכרה, אלא למצב של ""עירפול"" בלבד בו הנידון למוות מודע לסביבתו ויכול להרגיש לחלוטין בקורה לו לרבות כאב חזק הנובע מצריבת כלי הדם בזמן ההזרקה.[דרוש מקור] למרות ערעורים רבים בנושא זה החליט בית המשפט העליון בארצות הברית על כך שההליך חוקי. פנקורוניום ברומידי - המשתק את מערכת השרירים ומערכת הנשימה. כשישנו מצב של רפיון השרירים, הנידון למוות אף אינו יכול לצעוק בקול רם. ** פוטסיום כלוריד (אשלגן כלורי)* - המפסיק את פעולת הלב, וכך גורם למוות. בדרך כלל גורמת זריקת רעל לשינוי גוון העיניים והעור לצהבהב ולעיתים אף להקאה. זמן ההוצאה להורג בזריקת הרעל נמשך בדרך כלל כשבע דקות, אך לעיתים יכול התהליך להמשך אף עד לשעתיים. לאחר ההכרזה על שעת מותו של הנידון למוות נשלחת גופתו לנתיחה שלאחר המוות אשלגן כלורי בחיסון של פייזר? הנה לכם התשובה מדוע יש כל כך הרבה מקרים של דום לב ומיוקרדיטיס. בהצלחה לכולם","",,,https://www.facebook.com/groups/242682556373559/permalink/888298415145300/,,
03/10/2021,נפגעי חיסונים - גם לנו זה קרה (עדויות מצולמות),yes,באחת הראיונות שמעתי שיחה של אחות שמספרת על שיחה עם חברתה שעובדת במשרד הבריאות . כשהאחות שאלה אם התחסנה השיבה חברתה ממשרד הבריאות שאף אחד לא התחסן שם כי הם יודעים שהזריקה מסוכנת !,0,"שיחה שמישהו שמע ממשהו ששמע ממישהו, לא נשמע אמין במיוחד",,https://www.facebook.com/groups/242682556373559/permalink/888050308503444/,,
02/10/2021,נפגעי חיסונים - גם לנו זה קרה (עדויות מצולמות),no,"אני אחרי הבוסטר, בלילה חום גבוה, צמרמורות, כאבים בכל הגוף, דפיקות לב, בקושי מסוגלת לזוז. היד כואבת מאוד. פשוט מרגיז שמשרד הבריאות מפרסם שיש פחות תופעות לוואי, זה לא נכון, יש יותר, ידוע ברפואה, אני עובדת בקופת חולים, שככל שנותנים יותר חיסונים, כך יש יותר תופעות לוואי, למשל רואים את זה בטטנוס. גם בניסוי של פייזר ראו את זה בין החיסון הראשון לשני, זה פשוט פוגע באמון שלנו. לא היתה לנו ברירה אלא להתחסן אחרת זה בדיקות מהירות, לשלם להם ואין לי כסף או שיפטרו אותי. אף אחד מאיתנו לא רצה להתחסן.",1,,,https://www.facebook.com/groups/242682556373559/permalink/888050308503444/,,
02/10/2021,נפגעי חיסונים - גם לנו זה קרה (עדויות מצולמות),yes,בדיקת הטרופונין היא בדיקה שבודקת את תפקודי הלב. תוצאה חיובית מעל הנורמה יכולה להצביע על דלרת בקרום שריר הלב. מכיוון שיש הרבה עדויות על דלקת מסוג זה אחרי חיסון שווה לשלול את זה.,1,,חלק מתגובה,https://www.facebook.com/groups/242682556373559/permalink/888050308503444/,,
02/10/2021,נפגעי חיסונים - גם לנו זה קרה (עדויות מצולמות),yes,"יש טבלאות שמראות את העליה החדה של התמותה לאחר כל מבצע אחרי הראשון בינוטאר פברואר , אחרי השני ועכשיו אחרי השלישי. רק בשלישי היו דיווחים על עלייה פתאומית של כמה מאות נפטרים . אני משערת שכאשר יסכמו את 2021 תהיה עליה . רק באר""הב דווחו במערכת שלהם על כעשרת אלפים נפטרים מהחיסון וזה תת דיווח . ובארופה פי שניים רק במערכות הדיווח. אומרים שהמערכות האלו מספרות על אחוזים בודדים של מה שבאמת קורה כי יש תת דיווח , פה בארץ אין איסוף וניטור נתונים ממליצה ליצפות בסרטון של ד""ר פיטר מקולה https://www.facebook.com/enosh123/videos/10219018920759392/. ",,,"פוסט ישן, תגובה חדשה",https://www.facebook.com/groups/242682556373559/permalink/769842763657533/,,
03/10/2021,נפגעי חיסונים - גם לנו זה קרה (עדויות מצולמות),yes,את.חלית מהחיסון . בחיסון יש את הנגיף . לבת שלך היתה שפעת פשוטה .,0,,,https://www.facebook.com/groups/242682556373559/permalink/769842763657533/,,
לפני 29 שבועות,נפגעי חיסונים - גם לנו זה קרה (עדויות מצולמות),yes,640 ניפטרים בחודש של חיסולים להיתרחק מזריקות הרעל כימי סכנת נפשות מי שהזריק אין דרך חזרה,0,,,https://www.facebook.com/groups/242682556373559/permalink/769842763657533/,,
03/10/2021,נפגעי חיסונים - גם לנו זה קרה (עדויות מצולמות),yes,החיסון מגן רק 3 חודשים בלבד אבל יש אנשים שמתים מהחיסון וברוב המקרים מערכת הבריאות טוענת שמת מקורונה כתירוץ. אם שמעת בשבת שעברה אצל רינה מצליח את פרופ' שושי אלטוביה,0,,,https://www.facebook.com/groups/242682556373559/permalink/769842763657533/,,
30/09/2021,נפגעי חיסונים - גם לנו זה קרה (עדויות מצולמות),yes,"ישנה תמותה עודפת משמעותית מזמן קבלת הזריקה. המון מקרים מן הסתם בכלל לא מדווחים כקשורים לזריקה. בנוסף, הזריקה פוגעת בתאים שאחראים למיגור מחלת הסרטן כך שמי יודע מה הטווח הארוך. הלוואי ואני והמומחים שטוענים זאת טועים.",0,,,https://www.facebook.com/groups/242682556373559/permalink/769842763657533/,,
30/09/2021,נפגעי חיסונים - גם לנו זה קרה (עדויות מצולמות),yes,שימו לב שפתאום יש הרבה נפטרים אנשים צעירים ללא מחלות רקע פתאום דום לב פתאום דלקת פה דלקת שם ומסתירים מאיתנו שזה ניסוי שזה רולטה של החיים שלנו,0,,,https://www.facebook.com/groups/242682556373559/permalink/769842763657533/,,
02/10/2021,נפגעי חיסונים - גם לנו זה קרה (עדויות מצולמות),yes,"כמעט כל מי שנפטר ""באופן פתאומי וזה לא קשור"" נפטר מהחיסון. צעירים ומבוגרים כשעל המבוגרים הם יגידו שזה בגלל הגיל. זו מערכת הסתרה מתועבת כי פייזר אסרו לדווח על תופעות לוואי 10 שנים. מה שיקרה הלאה תלוי בפעולות אקטיביות שלנו.",0,,,https://www.facebook.com/groups/242682556373559/permalink/769842763657533/,,
18 שבועות,נפגעי חיסונים - גם לנו זה קרה (עדויות מצולמות),yes,"אתה צריך הרבה תפילות , ובהשתדלות הטבעית אתה צריך ויטמינים, בעיקר c ו d . להקלה על הכאב ועל התנועה כדאי לך לנסות כוסות רוח.",1,,,https://www.facebook.com/groups/242682556373559/permalink/802524927055983/,,
21 שבועות,נפגעי חיסונים - גם לנו זה קרה (עדויות מצולמות),yes,"נשמע נורא אחי, תרגיש טוב. מה שאני ממליץ לכל אדם שנפגע מהחיסון זה לנצל את תרופת הפלא של גוף האדם וזה צום. תיזהר גם מכל ההומאופתיה ומה שאנשים מציעים בתגובות לא שזה יזיק אבל זה סתם יבזבז לך את הזמן. צום מוכח מדעית כאמצעי ריפוי למגוון רחב של בעיות בריאותיות. מכיר לא מעט אנשים שהצום עזר להם בכל מיני מצבים כמו מיגרנות, דלקות, כאבים וכו'. זה משהו שהוא מומלץ גם לאדם בריא. אם תקפיד כל יום על צום לסירוגין ועל תזונה דלת פחמימות ותשלב את זה מדי פעם עם צום מים של יומיים-שלושה בסבירות גבוהה שזה ישפר את המצב שלך מבחינת בלוטות הלימפה והכאבים. יש הרבה חומר באינטרנט בנושא ומספר קבוצות איכותיות בפייסבוק בעברית, מציע לך לחקור את הכיוון הזה כמובן תעשה הכל בליווי של גורמי מקצוע, בהצלחה והרבה בריאות.",0,"מרגיש לי לא נכון שצום יעזור, אם אני טועה תתקנו",,https://www.facebook.com/groups/242682556373559/permalink/802524927055983/,,
19 שבועות,נפגעי חיסונים - גם לנו זה קרה (עדויות מצולמות),yes,"צום זה מעולה, והומאופתיה גם.",0,,,https://www.facebook.com/groups/242682556373559/permalink/802524927055983/,,
21 שבועות,נפגעי חיסונים - גם לנו זה קרה (עדויות מצולמות),yes,מציעה לך לבדוק טיפול אייפק - זה עוזר בהרבה מקרים של נפגעי חיסון...,,,,https://www.facebook.com/groups/242682556373559/permalink/802524927055983/,,
02/10/2021,נפגעי חיסונים - גם לנו זה קרה (עדויות מצולמות),no,"בשתי המנות הראשונות היתה צנזורה מטורפת והשתקת תופעות לוואי קשות (להערכתי ועל בסיס מעל 4000 עדויות שתעדנו, שהם תת דיווח ענק, מדובר במאות אלפי נפגעים). במשך כמעט שנה, נסגרו בפייסבוק קבוצות של אלפי נפגעים ונמחקו תגובות ופרסומים. התקשורת המגוייסת לא דיווחה לציבור ולא עשתה את עבודתה אלא חיבלה ביודעין. אותם השופרות העבירו (ועדין) את אותם המסרים וציבור תמים נפל בפח. גם הרופאים מסתירים ומשתיקים. גם הם יתנו את הדין. 3 מיליון איש לא הגיעו למנה השלישית ולא בכדי. מדיווחים שאנחנו מקבלים וניתוח המצב, המנה השלישית היא הקטלנית ביותר ועם פגיעות חמורות. היא ניתנת רק בישראל וללא אישור, תוך הפעלת לחץ, כפיה ואיומים. מעל 40,000 תלונות הוגשו אתמול ע״י אזרחים בתחנות המשטרה, כנגד שרי הממשלה. הסכר נפרץ בשבוע האחרון. בפוסט של משרד הבריאות על תופעות הלוואי, יש כבר 20,000 תגובות על פגיעות וזה אחרי שמאות תגובות נמחקו. כל כמה שניות נכנסת עדות חדשה. כל יום יוצאים מהארון עוד ועוד ידוענים שנפגעו. זה מטורף מה שקורה. הבמאית והשחקנית דליה שימקו החליטה גם לצאת מהארון ולספר על הפגיעה שלה ומה שהיא חושבת על ההתנהלות של משרד הבריאות. ",0,,אולי צריך למחוק חלק מהפוסט כי מדבר על שביתה וכו שזה לא רלוונטי - נמחק,https://www.facebook.com/groups/242682556373559/permalink/888017861840022/,,
03/10/2021,"ד""ר ליאור אונגר",no,"רוב החולים הקשים, הם לא מחוסנים! כל הצעירים המונשמים, הם לא מחוסנים! עזבו את החששות והכזבים שמפיץ השכן, #לכו_להתחסן!",1,,חלק מפוסט,https://www.facebook.com/dr.lior.ungar/posts/432864048197376,,
03/10/2021,"ד""ר ליאור אונגר",yes,"בגילאי 20-29 יש כרגע כ 500 חולים לכל מאה אלף איש, שמחוסנים ללא בוסטר, לעומת כ 40 חולים למאה אלף איש עם בוסטר. מקווה שזה עונה על השאלה.",1,,לבדוק,https://www.facebook.com/dr.lior.ungar/posts/432864048197376,,
28/09/2021,ynet,yes,"אחד מכל עשרה ילדים יחווה Long Covid, כאשר אצל בני נוער אף עולה הסיכוי לתסמונת ארוכת טווח: https://bit.ly/2ZDgCGq",0,"https://www.gov.il/he/departments/news/13092021-01
לא מדוייק, long covid זה תסמינים לטווח ארוך וזה נע בין 1.8% ל-4.6% ביחס ישר עם הגיל.
11% אלו ילדים עם תסמינים לאחר המחלה אך לא לטווח ארוך",חלק מפוסט,https://www.facebook.com/ynetnews/posts/10160228265305572,,
28/09/2021,"ד""ר ליאור אונגר",yes,"אולי לא ידעת, אבל החיסונים אינם מגנים ב־100%, לצערנו הרב. לכן גם אדם אחראי שהתחסן 3 פעמים, ובעתיד גם 4 ו־5 פעמים אם נצטרך לכך, עדיין לא יהיה חסין לגמרי מפיתוח מחלה קשה ועשוי יהיה להצטרך את האקמו.",1,,,https://www.facebook.com/dr.lior.ungar/posts/428877488596032,,
04/10/2021,משרד הבריאות,no,החיסון מגן פי 10 ומונע הדבקה ומחלה קשה ב-95%.,1,,חלק מפוסט,https://www.facebook.com/watch/?v=598960444591943,,
04/10/2021,משרד הבריאות,yes,יש תרופות לקורונה שמסתירים מעיניי הציבור הכל עניין של כסף ודילול אוכלוסיה חלשה האוכלוסיה החלשה המבוגרים והחולים הם נטל על המדינה נטל כבד בתשלומי קיצבאות וטיפולים בבתי חולים,,,,https://www.facebook.com/watch/?v=598960444591943,,
30/09/2021,משרד הבריאות,no,"מנת החיסון השלישית מלווה בשיעור קטן יותר של תופעות מדווחות (למשל עייפות, חולשה, כאב מקומי באזור הזריקה) לעומת המנות הקודמות. מספר התופעות המשמעותיות שנצפו בחיסון השלישי הסתכם ב-19 בלבד (בחלקם עדיין נבדק הקשר לחיסון), מתוך כ-3.2 מיליון מתחסנים בחיסון שלישי.",1,,פוסט שפיצלתי. חלק 1,https://www.facebook.com/Health.gov.il/posts/4174515529326993,,
30/09/2021,"
משרד הבריאות",no,"דלקת שריר הלב בבני נוער (מיוקרדיטיס) - נכון ל-25.09.21 דווחו 11 מקרים בגיל 12-15, מתוך 331,538 (שיעור אפסי) מתחסנים במנה ראשונה ו-255,444 (שיעור אפסי - 0.00043%) מתחסנים במנה השנייה. מכאן עולה שמדובר בתופעה נדירה * ביותר *, וגם היא חולפת לרוב אחרי זמן קצר. חשוב לציין שהסיכון למיורקדיטיס כתוצאה מקורונה גבוה בהרבה בהשוואה לסיכון כתוצאה מהחיסון.",1,,חלק 2,https://www.facebook.com/Health.gov.il/posts/4174515529326993,,
30/09/2021,משרד הבריאות,no,"על אף האיסוף השיטתי על דיווחים, המשרד מניח שקיים תת-דיווח של תופעות קלות במיוחד, אשר לא פוגעות בשגרת החיים ולא מצריכות מעקב רפואי.",1,,חלק 3,https://www.facebook.com/Health.gov.il/posts/4174515529326993,,
30/09/2021,משרד הבריאות,no,החיסונים בטוחים ולא גוררים תופעות לוואי משמעותיות (ואם היו - לא היה נעשה בהם שימוש לא בארץ ולא בעולם).,,,חלק 4,https://www.facebook.com/Health.gov.il/posts/4174515529326993,,
30/09/2021,משרד הבריאות,no,מחלקות הקורונה מלאות כמעט רק בלא מחוסנים,1,,חלק 5 - קצת שונה כדי שתהיה רק עובדה,https://www.facebook.com/Health.gov.il/posts/4174515529326993,,
01/10/2021,משרד הבריאות,yes,מלא נשים מספרות על תופעות הורמונליות ודימום וגינלי אחרי החיסון.,0,"לא ממש נכון, ""מלא"" זה מונח יחסי, בנוסף לא נמצא קשר בין הדימום לחיסון, והשינוי במחזור כנראה נובע מלחץ הנלווה לתקופה ולקבלת החיסון ולא לחומרים בחיסון עצמו",,https://www.facebook.com/Health.gov.il/posts/4174515529326993,,
25/10/2021,וירוס קורונה - מדברים על הכל-Covid 19-talk about everything,yes,אין מחקר שאומר מה השפעות על פריון על ילדים שחלו בקורונה זה יתבהר בעוד שנים כאשר יגיעו לגיל המתאים. כרגע רק מתחילים מחקרים על השפעות קורונה על ילדים עיכוב התפתחות וצמיחה והשפעות נוספות זה מחקרים שהתוצאות יהיו עוד שנים,1,,,https://www.facebook.com/groups/503350980581730/permalink/908305610086263/,,
25/10/2021,וירוס קורונה - מדברים על הכל-Covid 19-talk about everything,yes,"כל תופעות הלוואי שיכולת להיות מהחיסון הם בדיוק אותם תופעות הלוואי האפשריות מקורונה עצמה, רק ברמת סיכון ועוצמה נמוכות יותר. אם יש השפעה על הפוריות בחיסון אז היא יותר גדולה בכמה סדרי גודל במחלה עצמה...",1,,,https://www.facebook.com/groups/503350980581730/permalink/908305610086263/,,
25/10/2021,וירוס קורונה - מדברים על הכל-Covid 19-talk about everything,yes,"הסיכוי שמאכל חדש, בגד חדש או רכב חדש יגרום להם לעקרות שווה ערך לסיכון שהחיסון החדש יעשה את זה",1,,חלק מתגובה,https://www.facebook.com/groups/503350980581730/permalink/908305610086263/,,
25/10/2021,וירוס קורונה - מדברים על הכל-Covid 19-talk about everything,yes,"החיסון לא פוגע בפוריות, הקורונה גורמת לדלקת באשכים שחושדים שעלולה לפגוע בפוריות. בקיצור אם זאת הדאגה שלך אז חשוב לחסן את הילדים.",1,https://www.globes.co.il/news/article.aspx?did=1001326360,מצרף מקור: https://www.gov.il/BlobFolder/news/19012021-01/he/NEWS_Corona_vaccine-pregnancy.pdf,https://www.facebook.com/groups/503350980581730/permalink/908305610086263/,,
25/10/2021,וירוס קורונה - מדברים על הכל-Covid 19-talk about everything,yes,אם היה קשר אז גם עכשיו כבר היו בעיות בפוריות. בינתיים הרוב מחוסנים והילודה חוגגת!!,1,,,https://www.facebook.com/groups/503350980581730/permalink/908305610086263/,,
25/10/2021,וירוס קורונה - מדברים על הכל-Covid 19-talk about everything,yes,"ה-FDA מחייב את פייזר לבצע 5 מחקרים נוספים, כתנאי לקבלת האישור. המידע שמוצג כאן בקבוצה מתיימר להחליף את המחקרים האלה. זאת הטעייה של הציבור.",0,"לא נראה בשום מקום כי הטענה נכונה, מצד שני, הקישור שנוסף כדי להפריך אינו פועל","בתגובה לתגובה הזו, מישהו צירף מקור שטוען שהמגיב הזה טועה: 
https://www.fda.gov/.../fda-approves-first-covid-19-vaccine",https://www.facebook.com/groups/503350980581730/permalink/908305610086263/,,
25/10/2021,וירוס קורונה - מדברים על הכל-Covid 19-talk about everything,yes,כיום הקורונה אינה פוגעת רק באנשים עם מחלות רקע קשה . מה גם שמחלות רקע לא הכוונה לאדם שעומד למות .,1,,חלק מתגובה ארוכה בהרבה.,https://www.facebook.com/groups/503350980581730/permalink/908305610086263/,,
25/10/2021,וירוס קורונה - מדברים על הכל-Covid 19-talk about everything,yes,החיסון הזה יעיל הרבה יותר למי שמערכת החיסון שלו לא פגועה כי הוא עוזר למערכת החיסון עצמה ולא מתפקד במקומה .,1,,חלק מאותה תגובה מהשורה הקודמת.,https://www.facebook.com/groups/503350980581730/permalink/908305610086263/,,
25/10/2021,וירוס קורונה - מדברים על הכל-Covid 19-talk about everything,yes,אין מחקר שמוכיח שאין נזק...וההפך הוא הדבר...נכון לעכשיו רק מוכח שיש נזק בהווה ונזק עתידי. הורה שמחסן את ילדיו הוא פושע ורוצח !!!,0,,,https://www.facebook.com/groups/503350980581730/permalink/908305610086263/,,
25/10/2021,וירוס קורונה - מדברים על הכל-Covid 19-talk about everything,yes,"קראתי שנערך מחקר בתל השומר על נשים שעברו טיפולי פוריות, אצל נשים שחוסנו לא הייתה ירידה באחוז ההצלחות להיכנס להריון, וללדת תינוק בריא, בנוסף, האם יש מחקר הקובע בוודאות כי מי שחלה בקורונה לא יחווה קשיים בהבאת ילדים? וודאי שלא, רק בעתיד נדע אם החיסון או המחלה או אף אחד מהם או שניהם פוגעים בפוריות בינתיים כל אחד צריך להחליט מה עדיף להתחסן לקורונה או לחלות בקורונה…",1,,שווה להוריד חלק? לא הכל קביעת עובדות,https://www.facebook.com/groups/503350980581730/permalink/908305610086263/,,
25/10/2021,וירוס קורונה - מדברים על הכל-Covid 19-talk about everything,yes,"הסטטיסטיקה אומרת ש-80% מנפטרי הקורונה הם אנשים בגילאי 65+ עם מחלות רקע. לעומת זאת, החיסון כנראה גורם לעליה של עשרות אחוזים במקרי לב אצל צעירים.",0,,"מצרף מקור: https://www.facebook.com/arielemet/videos/152574620313425
מישהי שמגיבה לו וטוענת ההיפך, מצרפת מקור לטענתה גם: https://www.haaretz.co.il/health/corona/.premium-1.10101329?fbclid=IwAR2bVCok99iDAysxCkLwvo0-NpGx-hALErXAkQbT6mNk3h2xxGoXEYoty9E ",https://www.facebook.com/groups/503350980581730/permalink/908305610086263/,,
25/10/2021,וירוס קורונה - מדברים על הכל-Covid 19-talk about everything,yes,"אין מחקרים קליניים בנושא חיסון נשים בהריון וההשפעות על התינוקות, לדוגמה. פייזר עורכת מחקר של בערך שנה כדי לבדוק את זה. עד אז - לא יודעים. כשהם יציגו את המחקר אפשר יהיה לערוך מחקרים נוספים ולהתמקד בנושאים שעלו. מוזמנת להכנס לעלון לצרכן של החיסון במשרד הבריאות ולראות שכתוב שחור על גבי לבן, אין מחקרים קליניים מספקים. גם ארגון הבריאות העולמי לא ממליץ על חיסון לנשים בהריון.",1,"אמנם אין מחקרים קליניים ארוכי טווב, אך גם לא קיימות הוכחות לפגיעה בנשים ובעוברים. בנוסף החומרים שנמצאים בחיסון לא ידועיים בשפעתם על נשים בהריון ועל עוברים","מצרף מקור: https://www.pfizer.com/news/press-release/press-release-detail/pfizer-and-biontech-commence-global-clinical-trial-evaluate?fbclid=IwAR2NPf8kCi4nywO5Jr8goEDv0_DoRCaqG6JAAOJe129O7UGjRuBcufYiu_A
מגיבת נגד מצרפת מקור מנוגד: https://www.nejm.org/doi/full/10.1056/nejmoa2104983",https://www.facebook.com/groups/503350980581730/permalink/908305610086263/,,
25/10/2021,וירוס קורונה - מדברים על הכל-Covid 19-talk about everything,yes,ילדים לא חולים ! למה לחסן???,0,,,https://www.facebook.com/groups/503350980581730/permalink/908305610086263/,,
25/10/2021,וירוס קורונה - מדברים על הכל-Covid 19-talk about everything,yes,מה שכן מצאו זה שהמחלה יכולה להשפיע על פוריות של גברים.,1,,,https://www.facebook.com/groups/503350980581730/permalink/908305610086263/,,
25/10/2021,וירוס קורונה - מדברים על הכל-Covid 19-talk about everything,yes,בינתיים יש מחקרים שמצאו שהקורונה פוגעת בפוריות וכל המחקרים שפורסמו בנושא מצאו שהחיסון לא.,1,,"מקורות: https://pubmed.ncbi.nlm.nih.gov/32814369/
https://pubmed.ncbi.nlm.nih.gov/34455712/
https://pubmed.ncbi.nlm.nih.gov/33977466/
https://pubmed.ncbi.nlm.nih.gov/33437145/
https://eng.sheba.co.il/110041",https://www.facebook.com/groups/503350980581730/permalink/908305610086263/,,
25/10/2021,וירוס קורונה - מדברים על הכל-Covid 19-talk about everything,yes,מתוך 827 הריוניות שחוסנו כ24 רק הגיעו עם התינוק חי ללידה,0,נראה שהמחקר שצוטט אומר משהו אחר,מקור: https://m.facebook.com/story.php?story_fbid=10158751452538323&id=565563322,https://www.facebook.com/groups/503350980581730/permalink/908305610086263/,,
24/10/2021,וירוס קורונה - מדברים על הכל-Covid 19-talk about everything,no,"המרכז לבקרת מחלות ומניעתן: עפ""י מחקר שנערך על מיליוני חולים בארה""ב, אנשים שחוסנו נגד קורונה מוגנים יותר גם מפני מחלות אחרות.",,,,https://www.facebook.com/groups/503350980581730/permalink/907621586821332/,,
24/10/2021,וירוס קורונה - מדברים על הכל-Covid 19-talk about everything,yes,מערכת החיסון המולדת מגבירה גם היא פעילות בתגובה לזיהום או סימולציה של זיהום. לא אתפלא אם גם דלקת אוזניים מגבירה את ההגנה משפעת.,,,חלק מתגובה (הורדתי את המשפט הראשון),https://www.facebook.com/groups/503350980581730/permalink/907621586821332/,,
24/10/2021,וירוס קורונה - מדברים על הכל-Covid 19-talk about everything,yes,"איך אפשר לבודד את העובדה שרוב האנשים שמתחסנים גם מאמינים לקורונה ולכן שומרים מרחק והולכים עם מסכות וחכן הסיכוי שלהם להדבק בכל חיידק או וירוס אחר נמוך מאוד... את כל הנתונים הטובים ישר משייכים לחיסון אבל תגיד משהו שלילי ישר תתקבל תשובה ""זה לא קשור לחיסון"" בלי שום בדיקה... קצת מצחיק אותי ואני מחוסנת חיסון שלישי ואכן לא הייתי חולה בכלום אבל זה בגלל שאני לא מתקרבת לאנשים ונמצאת רק בסביבה של אנשים עם מסכה איך בדיוק אדבק במשהו?!? הבעיה מתחילה וגם התחילה במאי שאנשים הורידו את המסכות ואז צצו כל מיני מחלות נדירות וסימפטומים חורפיים בכלל בקיץ כי המערכת החיסונית לא הייתה רגילה להתמודדות עם כלום...",1,הטענה שלה שהממצאים המפורסמים הם עצמם בעייתיים בגלל שאי אפשר לבודד גורמים מסויימים היא נכונה לדעתי,,https://www.facebook.com/groups/503350980581730/permalink/907621586821332/,,
25/10/2021,וירוס קורונה - מדברים על הכל-Covid 19-talk about everything,no,לדיונים ב-FDA יש מטרה אחת - לאזן בין היעילות לבטיחות. בפרסומים שראיתי התועלת שלו עולה בהרבה על כל סיכון. התפקיד שלנו הוא להביא את הנתונים להורים. לא רוצה שהורה יחסן את הילד שלו בכוח,1,,"ציטוט של ד""ר אלרעי-פרייס",https://www.facebook.com/groups/503350980581730/permalink/908288023421355/,,
25/10/2021,וירוס קורונה - מדברים על הכל-Covid 19-talk about everything,yes,"באוסטרליה מחוסנים ויוצאים חופשי, ברומניה לא מחוסנים ויש תחלואה",1,,הכתבה שהתגובה מתייחסת אליה: https://www.ynet.co.il/news/article/s1kl3mb8f?fbclid=IwAR3fSmjB1nfBRk6Bq1cOLLyRRMDngXKsXVncSvx7_udKQhM_cwAd9eI_3pQ,https://www.facebook.com/groups/503350980581730/posts/907095873540570/,,
24/10/2021,וירוס קורונה - מדברים על הכל-Covid 19-talk about everything,no,"בהודאה רשמית ראשונה מאז פרץ נגיף הקורונה החדש מסין לשאר העולם, מודה בכיר במשרד הבריאות האמריקאי כי המשרד אכן מימן מחקר שערכה המעבדה הסינית בווהאן בהינדוס נגיפי קורונה והפיכתם למדבקים לבני-אדם. בכך מסתיימת סאגה ממושכת בת כחצי-שנה, במהלכה זומנו בכירים במשרד הבריאות האמריקאי למתן עדות בקונגרס וכן נחשפו תכתובות פנימיות של בכירי המשרד - ובהם בכיר המשרד ד""ר אנתוני פאוצ'י (Anthony Fauci), שהעלו שאלות קשות בנוגע למעורבותם של אותם בכירים במחקרים שנערכו מאחורי דלתותיה הסגורות של המעבדה הסינית בווהאן.",,,,https://www.facebook.com/groups/503350980581730/permalink/908009050115919/,,
25/10/2021,וירוס קורונה - מדברים על הכל-Covid 19-talk about everything,yes,הקורונה הונדסה בשביל החיסונים. ביל גייטס המנוול רשם את חיסון הקורונה כפטנט חודש לפני פרוץ הקורונה. השמדה המונית ולעשות על זה על הדרך מילארדים למה לא בעצם.,0,,מקור: https://m.facebook.com/story.php?story_fbid=10224073984490372&id=1022370800,אף רופא לא מתעלם. למעשה הבעיה הרווחת יותר היא רופאים שממליצים למטופלים שלהם שלא להתחסן כי הם לא למדו מספיק על תופעות הלוואי של החיסון ובאילו מקרים רפואיים באמת מומלץ שלא לחסן. בשבוע שעבר נפטר חולה קרוהנס שקיבל המלצה מוטעית כזו ולא התחסן ואז חלה ומת.,,
27/10/2021,וירוס קורונה - מדברים על הכל-Covid 19-talk about everything,yes,כל מה שקורה בעולם זה לא בשביל הבריאות . לכו אחרי הקונספירטורים הם אנשי האמת .,0,,,https://www.facebook.com/groups/503350980581730/posts/909195476663943/,,
27/10/2021,וירוס קורונה - מדברים על הכל-Covid 19-talk about everything,yes,פרופ' פרייס וכל השותפים שלה כן ממליצים לחסן את הילדים על סמך המליונים שהם מקבלים מפייזר,0,,שילוב של שתי תגובות (שאלה ותשובה),https://www.facebook.com/groups/503350980581730/posts/909195476663943/,,
27/10/2021,וירוס קורונה - מדברים על הכל-Covid 19-talk about everything,yes,הילדים סכויים קלושים לחלות במחלה קשה,1,לפי נתוני משרד הבריאות כרגע ישנם בין 0.4% ל- 0.6% מהילדים שחולים קשה - זהו סיכוי נמוך,טענה שנלקחה מתוך שאלה,https://www.facebook.com/groups/503350980581730/posts/909195476663943/,,
27/10/2021,וירוס קורונה - מדברים על הכל-Covid 19-talk about everything,no,"מומחי ה-FDA המליצו לחסן ילדים בני 11-5 נגד קורונה הוועדה המייעצת למינהל המזון והתרופות האמריקני הכריעה כי יתרונות החיסון של פייזר עולים על הסיכונים, ללא מתנגדים. בדיון עלו תוצאות הניסוי שערכה חברת התרופות, לפיהן החיסון מגן ב-91% מפני הנגיף, במינון נמוך מזה של מבוגרים. המבצע צפוי להתחיל בישראל בחודש הבא",1,כתבה שמדברת על כל  בגלובס: https://www.globes.co.il/news/article.aspx?did=1001388752,,https://www.facebook.com/groups/503350980581730/permalink/909507289966095/,,
27/10/2021,וירוס קורונה - מדברים על הכל-Covid 19-talk about everything,yes,טיפשים ההורים שיחסנו את ילדיהם למחלה שלא מסכנת אותם,0,הטענה שהמחלה לא מסכנת את הילדים היא לא נכונה,,https://www.facebook.com/groups/503350980581730/permalink/909507289966095/,,
27/10/2021,וירוס קורונה - מדברים על הכל-Covid 19-talk about everything,yes,"אבל הרופאים לא המליצו על החיסון. הם אישרו בשביל שילדים שנמצאים ברמת סיכון גבוהה לא ישארו בבית ויוכלו לקבל את החיסון ולחזור לשגרה. אין פה המלצה גורפת לחסן את כל הילדים. הם העלו חששות לגבי תופעות לוואי וגם אמרו בין היתר ""אם לא נחסן עכשיו אז גם לא נדע..""",1,,,https://www.facebook.com/groups/503350980581730/permalink/909507289966095/,,
27/10/2021,פוסט של Tal Aviv,no,"ילדים חולים פחות קשה, מתים מזה באחוזים קטנים, ואם הילדים היו כל העולם אז אולי אפילו לא היתה פה מגפה.",1,,"חלק מפוסט, חלק 1",https://www.facebook.com/tal.aviv.35912/posts/591300505515691,,
27/10/2021,פוסט של Tal Aviv,no,"המחלה עדיין מסוכנת יותר מהחיסון. 10% (ואלה רק הערכות, ייתכן שיותר) מהילדים ""זוכים"" לתסמונת PIMS / לונג קוביד. בחיסון מדובר על סיכון הרבה הרבה יותר מזערי. ה FDA בחיים לא היו מאשרים חיסון עם כאלה סטטיסטיקות, וזה גם היה עולה בניסויים הראשוניים.",1,,"חלק מפוסט, חלק 2",https://www.facebook.com/tal.aviv.35912/posts/591300505515691,,
27/10/2021,פוסט של Tal Aviv,no,"באוכלוסיית המבוגרים יש עדיין מדוכאי חיסון (אינם יכולים להתחסן), אנשים עם בעיות רקע, או סתם כאלה ש""נופלים בסטטיסטיקה"" (אותו מיעוט חולים קשה שכן מחוסן – החיסון לא הרמטי). חיסון ילדים יאפשר להגיע למצב שבו נגן על הורה כזה.",1,,"חלק מפוסט, חלק 3",https://www.facebook.com/tal.aviv.35912/posts/591300505515691,,
27/10/2021,פוסט של Tal Aviv,no,חיסון ילדים באחוזים משמעותיים יותר ימנע התפתחות של זנים.,1,,"חלק מפוסט, חלק 4",https://www.facebook.com/tal.aviv.35912/posts/591300505515691,,
27/10/2021,פוסט של Tal Aviv,no,"נכון, אנחנו לא לבד בעולם וכל עוד אוכלוסיית העולם לא מחוסנת בכאלה אחוזים עדיין יכולים להתפתח שם זנים עמידים, אבל חיסון ילדים עדיין מפחית את הסיכויים, ובפרט פה בארץ.",1,,"חלק מפוסט, חלק 5",https://www.facebook.com/tal.aviv.35912/posts/591300505515691,,
27/10/2021,פוסט של Tal Aviv,yes,בארצות הברית נפטרו 100 [ילדים] פחות מגיל 7 מקורונה רובם הגדול בפלורידה,,לא מוצאת נתונים לכאן או לכאן,,https://www.facebook.com/tal.aviv.35912/posts/591300505515691,,
27/10/2021,פוסט של Tal Aviv,yes,"עוד מעט. עוד מעט... ילדים יחוסנו. אנחנו נגיע לחסינות עדר, ונוכל להפסיק עם הדבילים של הקורונה, ולחזור לדבילים שמקלקלים את חסינות העדר נגד חצבת...",0,נשמע לי טענה קצת far fetched. לא בטוחה שאפשר לטעון שכל הילדים יחוסנו עוד מעט. וגם שזה יוביל בהכרח לחסינות עדר,,https://www.facebook.com/tal.aviv.35912/posts/591300505515691,,
27/10/2021,פוסט של Tal Aviv,yes,"התחלואה בישראל ירדה פעמיים אחרי מבצע החיסונים . היא ירדה למרות שהילדים לא מחוסנים , כך שאין צורך בחיסון שיצור חיסון עדר .",1,,,https://www.facebook.com/tal.aviv.35912/posts/591300505515691,,
26/10/2021,וירוס קורונה - מדברים על הכל-Covid 19-talk about everything,no,"בישראל יש 1.5 מיליון ילדים עד גיל 10. 20% מהנדבקים בקורונה מאז שהופיעה הם ילדים עד גיל 10. 8,062 אנשים נפטרו מקורנה. 6 מהם בלבד היו ילדים עד גיל 10. כולם עם מחלות רקע. אז שלא יעבדו עליכם. קורונה היא לא מחלת ילדים!",1,הנתונים ככל הנראה הינם נכונים,"מצרף תמונה, לבדוק אמינות",https://www.facebook.com/groups/503350980581730/permalink/908869863363171/,,
26/10/2021,וירוס קורונה - מדברים על הכל-Covid 19-talk about everything,yes,קורונה היא לא מחלה בכלל... שפעת כמו כל דבר פשוט שפעת שנתנו לה תקציב כדי להפחיד אותכם,0,"הטענה שקורונה היא לא מחלה, וגם שהיא בדיוק כמו שפעת, היא שקרית",,https://www.facebook.com/groups/503350980581730/permalink/908869863363171/,,
26/10/2021,וירוס קורונה - מדברים על הכל-Covid 19-talk about everything,yes,"קורונה היא לא מחלת ילדים, היא מחלה הפוגעת גם בילדים. וכמו מחלות הילדים האחרות שילדים מתחסנים אליהן באופן שגרתי היא לא הורגת את רובם.",1,,,https://www.facebook.com/groups/503350980581730/permalink/908869863363171/,,
26/10/2021,וירוס קורונה - מדברים על הכל-Covid 19-talk about everything,yes,זה דווקא מאוד מאפיין מחלות ילדים. שילדים עוברים אותן בקלות ודווקא בבגרות הן יכולות להתבטא בצורה קשה. למשל אדמת. למשל אבעבועות רוח שעלול להפוך לשלבקת חוגרת.,,,אין עובדות,https://www.facebook.com/groups/503350980581730/permalink/908869863363171/,,
26/10/2021,וירוס קורונה - מדברים על הכל-Covid 19-talk about everything,yes,מוות זה הדבר היחיד שמפחיד במחלות? מה עם נזקים קצרי וארוכי טווח לאחר המחלה? זה דברים שחיסון פשוט יכול למנוע.,,,אין עובדות,https://www.facebook.com/groups/503350980581730/permalink/908869863363171/,,
26/10/2021,וירוס קורונה - מדברים על הכל-Covid 19-talk about everything,yes,מלא נדבקו ללא חיסון והחלימו בלי השלכות לטווח ארוך בלי נזקים לטווח קצר. מה קרה איתם??? לא התחסנו זה אומר שחיסון לא מנע כלום כי לא קרה כלום. אז מי עם טונה של חוכמה ? מי שמתווכחת עם עובדות ? או מי שמציאותית?,,,,https://www.facebook.com/groups/503350980581730/permalink/908869863363171/,,
26/10/2021,וירוס קורונה - מדברים על הכל-Covid 19-talk about everything,yes,"גם מלא ילדים חלו באבעבועות והחלימו בלי יותר מידי סיבוכים, אבל אם היום אפשר להוריד תחלואה ב90% ויותר אז למה לא?! מה זה הרוע הזה לתת לילדים לחלות ולשים אותם בפוזיציה של אולי להיות באחוזים הבודדים שיסבלו מזה לטווח הרחוק? מי רוצה את זה לילדים שלו?!",,,,https://www.facebook.com/groups/503350980581730/permalink/908869863363171/,,
26/10/2021,וירוס קורונה - מדברים על הכל-Covid 19-talk about everything,yes,ומה זה הרוע הזה להזריק להם חומר שאין לדעת מה השלכות העתידיות שלו? ולתרום את הילדים שלנו לניסוי. חיסון לוקח לאשר עשר שנים פה תוך שנה וחצי הכל מאושר כל התו הדפוק הזה והסנקציות המטופשות על התמותה האפסית מול ההפחדות שלא מפסיקות מבוקר עד לייל זה רוע!!!! כנסו לפרופורציה. כי יש פה הרבה מעבר לקורונה. הנגיף הזה הונדס בשביל החיסון. ביל גייטס המנוול רשם את חיסון הקורונה כפטנט חודש לפני שהנגיף הופץ. יותר מדיי סתירות סילופים ושקרים ואי התאמות בנתונים. הגיע הזמן להתחיל לשאול שאלות קצת מעבר לפחד.,0,קונספירציות,,https://www.facebook.com/groups/503350980581730/permalink/908869863363171/,,
26/10/2021,וירוס קורונה - מדברים על הכל-Covid 19-talk about everything,yes,על הרעיון של ביל גייטס איך לדלל את העולם בעזרת חיסונים ניתן לראות במספר כנסים והרצאות שלו אם טיפה תחפרי . כל תחזיות האימה על הקורונה התגלו כבדיה אחת גדולה. לא סתם אחוז גבוה מהאוכלוסיה מטיל ספק רב בחיסונים האלו. בגלל שאין אמת אחת ויציבה. ומי שלא אוהב את הילד שלו בניגוד למה שרשמת תורם את הילד שלו לניסוי ולמדע. כי לא אכפת לו באמת מה יקרה לו. ופה סיימתי להסביר את החששות כי עד כה לא הבנת כנראה שגם לא תביני,0,קונספירציות,,https://www.facebook.com/groups/503350980581730/permalink/908869863363171/,,
26/10/2021,וירוס קורונה - מדברים על הכל-Covid 19-talk about everything,yes,8000 נפטרו מהקורונה מעניין כמה קיבלו את התרופה שמתו בגלל התרופה ולא בגלל הקורונה????,,,,https://www.facebook.com/groups/503350980581730/permalink/908869863363171/,,
26/10/2021,וירוס קורונה - מדברים על הכל-Covid 19-talk about everything,yes,"כבר אין הבדל בין מי שעשה ""חיסון"" ובין מי שלא",0,יש הבדל,,https://www.facebook.com/groups/503350980581730/posts/908946986688792/,,
26/10/2021,וירוס קורונה - מדברים על הכל-Covid 19-talk about everything,yes,מחוסנים מדביקים ונדבקים *פחות* (הרבה פחות),1,,,https://www.facebook.com/groups/503350980581730/posts/908946986688792/,,
26/10/2021,וירוס קורונה - מדברים על הכל-Covid 19-talk about everything,yes,"אף אחד לא מסכן את הילדים, זו לא מחלת ילדים. דיי עם הפרופוגנדה.",,,,https://www.facebook.com/groups/503350980581730/posts/908946986688792/,,
26/10/2021,וירוס קורונה - מדברים על הכל-Covid 19-talk about everything,yes,היו גם מורים מחוסנים שהדביקו .,1,,"תגובה מפוצלת, חלק 1",https://www.facebook.com/groups/503350980581730/posts/908946986688792/,,
26/10/2021,וירוס קורונה - מדברים על הכל-Covid 19-talk about everything,yes,מחוסנים מסוכנים בצורה שווה ויש להקפיד על בדיקות בדיוק באותה מידה .,1,"כנראה שכאשר מחוסנים נדבקים אז הם מסוגלים להדביק מישהו בצורה שווה לחולה קורונה שאינו מחוסן, עם זאת למחוסנים יש פחות סיכוי להידבק.","תגובה מפוצלת, חלק 2",https://www.facebook.com/groups/503350980581730/posts/908946986688792/,,
26/10/2021,וירוס קורונה - מדברים על הכל-Covid 19-talk about everything,yes,קורונה לא מסוכנת לילדים,0,,,https://www.facebook.com/groups/503350980581730/posts/908946986688792/,,
27/10/2021,וירוס קורונה - מדברים על הכל-Covid 19-talk about everything,no,מעריכים שבעוד כמה שבועות נתחיל לחסן ילדים בישראל. מדובר בחיסון שונה מהחיסון למבוגרים - הוא במינון מופחת ומוכן להזרקה בצורה קלה יותר. עדיין אין את המנות בארץ .,1,כתבה של ישראל היום המדברת על הנאמר בפוסט: https://www.israelhayom.co.il/health/article/5319735,"ציטוט של: הפרופ' נחמן אש, מנכ""ל משרד הבריאות
הפוסט שונה כדי לא להיות בצורת ציטוט",https://www.facebook.com/groups/503350980581730/permalink/909530736630417/,,
26/10/2021,וירוס קורונה - מדברים על הכל-Covid 19-talk about everything,no,"התינוקות הקטנים הם גורם עיקרי להעברת הנגיף, הרבה ילדים זקוקים לאקמו, הנשמה ותרופות תומכות לב. אני ממליץ על החיסון.",1,אכן נאמר: https://www.inn.co.il/news/529726,ציטוט של פרופ' שמעון רייף ('הדסה') ל'ערוץ 7',https://www.facebook.com/groups/503350980581730/permalink/909275489989275/,,
26/10/2021,וירוס קורונה - מדברים על הכל-Covid 19-talk about everything,yes,"מה, את מאמינה שיש ילדים באקמו, נו באמת?! זה סתם בשביל להפחיד ולחסן ילדים קטנים ולעשות עליהם ניסויים",0,"קונספירציה, מאמינים שמשקרים לגבי ילדים באקמו",,https://www.facebook.com/groups/503350980581730/permalink/909275489989275/,,
26/10/2021,וירוס קורונה - מדברים על הכל-Covid 19-talk about everything,yes,"יש וירוס של תינוקות שעושה דלקת ריאות, כן יש תינוקות מאושפזים עם ירידה בסיטורציה אבל הקשר לקורונה לא ברור לי בכלל",,,,https://www.facebook.com/groups/503350980581730/permalink/909275489989275/,,
26/10/2021,וירוס קורונה - מדברים על הכל-Covid 19-talk about everything,no,"*חיסון הילדים בדרך*. *שעות לפני דיון ה-FDA בחיסוני הילדים, מודרנה מעדכנת: החיסון מגיל 5 יעיל ובטוח* חברת התרופות מציגה נתונים ראשונים ממחקר הילדים, שהראה שהחיסון שפיתחה מביא להגנה גבוהה מפני הדבקה סימפטומטית בנגיף הקורונה בבני 11-5, עם מיעוט תופעות לוואי. המינון המתאים שנמצא הוא מחצית ממינון המבוגרים. הערב ידון ה-FDA באישור חיסון הילדים של פייזר: בארה""ב ובישראל כבר נערכים למבצע החיסונים.",1,קישור לכתבה: https://www.ynet.co.il/health/article/hybdwur8k,ציטוט מווינט,https://www.facebook.com/groups/503350980581730/permalink/909070113343146/,,
26/10/2021,וירוס קורונה - מדברים על הכל-Covid 19-talk about everything,yes,"החיסונים הם נס רפואי, ואני גם בעד חיסון ילדים אם וכאשר יאושר על ידי הfda, ויוכח שהוא בטוח ויעיל גם להם, אני פשוט חושב שעל הילדים המחקר שנעשה לא מספק, אבל ב fda יושבים מומחים הכי טובים בעולם, מה שהם יחליטו ויסבירן, אני כמובן אקבל. ומי שלא מתחסן בגלל טמטום של פייק ניוז ברשת בעיה שלו.",,,,https://www.facebook.com/groups/503350980581730/permalink/909070113343146/,,
24/10/2021,וירוס קורונה - מדברים על הכל-Covid 19-talk about everything,no,"הווריאנט החדש אכן מדאיג את פרוייקטור הקורונה, הנתונים עדיין בבחינה. החיסון מטפל בו ומגן עלינו נגדו, למרות האופטימיות והנתונים היורדים, הופעת זן מורכב הוא בעייתי ויכול מחדש להביא אותנו לגל נוסף.",1,קישור לכתבה: https://103fm.maariv.co.il/programs/media.aspx?ZrqvnVq=IHMHMG&c41t4nzVQ=GJL,"ציטוט של פרופ׳ סלמאן זרקא פרוייקטור הקורונה ב׳רדיו 103׳ על תת זן הדלתא שהתגלה בישראל.
הפוסט שונה כדי שלא ייראה כמו ציטוט",https://www.facebook.com/groups/503350980581730/permalink/907646506818840/,,
24/10/2021,וירוס קורונה - מדברים על הכל-Covid 19-talk about everything,no,חיסוני הילדים בדרך - גורמים בממשלה: יש בישראל מספקי חיסונים להתנעת המבצע בשבועות הקרובים. 6 מיליון מנות חיסון יגיעו לארץ בינואר.,1,קישור לכתבה: https://www.kan.org.il/item/?itemid=115415,ציטוט של כאן,https://www.facebook.com/groups/503350980581730/permalink/907996060117218/,,
24/10/2021,וירוס קורונה - מדברים על הכל-Covid 19-talk about everything,yes,"יעילות ה""חיסון"" מתפוגגת? על מה הוא מדבר, הוא לא היה יעיל מלכתחילה, כל מי שאומר אחרת או משקר או לא מבין מה זו יעילות. 95% מהחולים הם מוזרקי פייזר.",0,,מקור: https://rumble.com/vlbddq-israeli-doctor-kobi-haviv-fully-vaccinated-account-for-85-90-of-hospitaliza.html?fbclid=IwAR3c64bNMeRzLsFVIgkTnyZg9pSsZN9JvezSvk2S6LD81SIj1RGrUj_GyvI,https://www.facebook.com/groups/503350980581730/permalink/907996060117218/,,
26/10/2021,וירוס קורונה - מדברים על הכל-Covid 19-talk about everything,no,"שיא תחלואה ביוון, רומניה, בולגריה, רוסיה ואוקראינה – עלייה דרמטית בהרבה יעדים באירופה",1,יש עלייה בתחלואה במזרח אירופה בימים אלה,,https://www.facebook.com/groups/503350980581730/permalink/908963503353807/,,
26/10/2021,וירוס קורונה - מדברים על הכל-Covid 19-talk about everything,yes,בכל העולם יש ירידה במספרי המות וההדבקות מקרונה וחברות החיסונים בפאניקה. אז מה עושים? מוצאים מדינה או 2 שנרשם שם שיא מקומי של נדבקים כדי לייצר הפחדה ולא מספרים לכם שבכל העולם היה גידול בתחלואה שם המספרים היו בשפל.,0,נתון שקרי וקונספירציה,,https://www.facebook.com/groups/503350980581730/permalink/908963503353807/,,
26/10/2021,וירוס קורונה - מדברים על הכל-Covid 19-talk about everything,yes,מה שהוריד את התחלואה בגל הזה היו באמת חיסוני הבוסטר.,1,,נמחק החלק שאינו מציין עובדה אלא היפותזה,https://www.facebook.com/groups/503350980581730/permalink/908963503353807/,,
26/10/2021,וירוס קורונה - מדברים על הכל-Covid 19-talk about everything,yes,רוב אלו שנדבקו וחלו קשה הם באמת לא מחוסנים. וברגע שהתחסנו יותר אנשים באמת מספר החולים החדשים הולך ויורד.,1,,,https://www.facebook.com/groups/503350980581730/permalink/908963503353807/,,
26/10/2021,וירוס קורונה - מדברים על הכל-Covid 19-talk about everything,yes,גלי התחלואה הושפעו ממש מגלי ההתחסנות,,,,https://www.facebook.com/groups/503350980581730/permalink/908963503353807/,,
26/10/2021,וירוס קורונה - מדברים על הכל-Covid 19-talk about everything,yes,ככל שהתחילו לחסן התחילה תמותת יתר.,,,,https://www.facebook.com/groups/503350980581730/permalink/908963503353807/,,
26/10/2021,וירוס קורונה - מדברים על הכל-Covid 19-talk about everything,yes,אם בוחנים מי לצערנו נפטר - אז זה הלא מחוסנים באופן לא פרופורציונלי לשיעורם באוכלוסיה. זה לא כאילו שהאנשים שקיבלו בוסטר פתאום מתו.,,,הפוסט אינו מובן לחלוטין,https://www.facebook.com/groups/503350980581730/permalink/908963503353807/,,
26/10/2021,וירוס קורונה - מדברים על הכל-Covid 19-talk about everything,yes,"גל רביעי וחמישי בדרך, וכו' ...עוד יהיה המון מאמרים שגויים בתקשורת עד שהעולם ייגמר, מגפה של דמיון",0,,,https://www.facebook.com/groups/503350980581730/permalink/908963503353807/,,
26/10/2021,וירוס קורונה - מדברים על הכל-Covid 19-talk about everything,no,במינון מסוכן ובניגוד לחוק: רופאים ואחיות מחסנים ילדים מתחת לגיל 12 באופן פיראטי,1,,"שותף בפייסבוק, הידיעה מחדשות13.
מקור: https://13news.co.il/item/news/domestic/health/vaccinating-below-twelve-1393869/?fbclid=IwAR33686Ttx9oihrOCw3cmJKzWlvnSV6FvUnQhd3L7FaouXbhRl221l13ZY0",https://www.facebook.com/groups/503350980581730/posts/909051036678387/,,
26/10/2021,וירוס קורונה - מדברים על הכל-Covid 19-talk about everything,no,עקב מקרי הדבקה חדשים – סין תחסן ילדים מגיל שלוש נגד קורונה,1,,"שותף בפייסבוק, הידיעה מישראל היום. מקור: https://www.israelhayom.co.il/news/world-news/article/5312168?fbclid=IwAR1OKvkLqlVBBQNTe47MJffej-EzPep_Pi3EpdTGvf76bZvnlOV9LEqGFvM",https://www.facebook.com/groups/503350980581730/posts/909193176664173/,,
22/10/2021,וירוס קורונה - מדברים על הכל-Covid 19-talk about everything,yes,"למשרד הבריאות זה לא ממש אכפת מה את עוברת. מבחינתם זה לא נחשב תופעת לוואי אם לא דיווחת להם, כך שאם אם חלילה יש סיבוך אין לך את מי לתבוע אפילו",,,,https://www.facebook.com/groups/503350980581730/permalink/906534336930057/,,
22/10/2021,וירוס קורונה - מדברים על הכל-Covid 19-talk about everything,yes,תפסיקו לדחוף את החיסונים האלו לגוף. הם פשוט לא יעילים בפני הדבקה. אני חוסנתי ונדבקתי!!! החיסון הכי טוב לקורונה זה הגוף שלנו.,0,,,https://www.facebook.com/groups/503350980581730/permalink/906534336930057/,,
22/10/2021,וירוס קורונה - מדברים על הכל-Covid 19-talk about everything,yes,יש הרבה מאוד שנדבקו וחלו מאוד קשה ויש גם כאלה שנשארו עם תופעות לוואי.,1,,,https://www.facebook.com/groups/503350980581730/permalink/906534336930057/,,
26/10/2021,וירוס קורונה - מדברים על הכל-Covid 19-talk about everything,yes,ככה לא נצא מהקורונה עובדה בחיסון הראשון והשני כמעט כל האוכלוסייה התחסנה וזה לא עזר,0,"זה לא נכון שכמעט כל האוכלוסייה התחסנה, היו הרבה תתי-אוכלוסיות שסירבו להתחסן. בכל זאת, במשך כמה חודשים אחרי מבצע החיסונים של ה-1 וה-2 הייתה ירידה משמעןתית של חולים עד כדי ביטול המסכות במקומות סגורים (לשבוע).",,https://www.facebook.com/groups/503350980581730/permalink/906534336930057/,,
23/10/2021,וירוס קורונה - מדברים על הכל-Covid 19-talk about everything,yes,"ה""חיסון הטבעי"" לא עוזר נגד הקורונה.",1,בהנחה שהחיסון הטבעי זו המערכת החיסונית בגוף שלנו,,https://www.facebook.com/groups/503350980581730/permalink/906534336930057/,,
23/10/2021,וירוס קורונה - מדברים על הכל-Covid 19-talk about everything,yes,אף רופא לא מתעלם. למעשה הבעיה הרווחת יותר היא רופאים שממליצים למטופלים שלהם שלא להתחסן כי הם לא למדו מספיק על תופעות הלוואי של החיסון ובאילו מקרים רפואיים באמת מומלץ שלא לחסן.,,,,https://www.facebook.com/groups/503350980581730/permalink/906534336930057/,,
23/10/2021,וירוס קורונה - מדברים על הכל-Covid 19-talk about everything,yes,"בנוסף לזה שקורונה מסכנת חיים ,רוב החולים נשארים עם תופעות לוואי כמו עייפות ,דופק מהיר ועוד .",1,,,https://www.facebook.com/groups/503350980581730/permalink/906534336930057/,,
23/10/2021,וירוס קורונה - מדברים על הכל-Covid 19-talk about everything,yes,"אם כולם היו מתים מיד אחרי הזריקה הראשונה, היו מפסיקים להזריק אחרי כמה עשרות אלפי אנשים. זה אמור לקרות לאט, בהדרגה, במצטבר, ולאורך כמה שנים.",0,קונספירציה,,https://www.the-people-committee.com/%D7%93%D7%95-%D7%97-%D7%AA%D7%95%D7%A4%D7%A2%D7%95%D7%AA-%D7%9C%D7%95%D7%95%D7%90%D7%99?fbclid=IwAR3pXQLM0gc5nrmRDvD-Tt0erNLWx4bLIrna300hh5jw7enj7nSW4L16k9M,,
24/10/2021,וירוס קורונה - מדברים על הכל-Covid 19-talk about everything,yes,"חיסון שפעת לא ממליץ להתקרב השנה, יש מצב שהוא הוחלף במשהו חדש, כך לפי מערכות הדיווח בארהב",0,קונספירציה,,https://www.the-people-committee.com/%D7%93%D7%95-%D7%97-%D7%AA%D7%95%D7%A4%D7%A2%D7%95%D7%AA-%D7%9C%D7%95%D7%95%D7%90%D7%99?fbclid=IwAR3pXQLM0gc5nrmRDvD-Tt0erNLWx4bLIrna300hh5jw7enj7nSW4L16k9M,,
23/10/2021,וירוס קורונה - מדברים על הכל-Covid 19-talk about everything,yes,מי צריך את כל החיסונים והרעל הזה בגוף דילול אוכלוסיה,0,קונספירציה,,https://www.the-people-committee.com/%D7%93%D7%95-%D7%97-%D7%AA%D7%95%D7%A4%D7%A2%D7%95%D7%AA-%D7%9C%D7%95%D7%95%D7%90%D7%99?fbclid=IwAR3pXQLM0gc5nrmRDvD-Tt0erNLWx4bLIrna300hh5jw7enj7nSW4L16k9M,,
23/10/2021,וירוס קורונה - מדברים על הכל-Covid 19-talk about everything,yes,כן חבל שהחיסונים זה הקרונההההה לא מספרים תאמ כמה מצו מה החיסון לא מספרים על התופעות לוואי,,,,https://www.the-people-committee.com/%D7%93%D7%95-%D7%97-%D7%AA%D7%95%D7%A4%D7%A2%D7%95%D7%AA-%D7%9C%D7%95%D7%95%D7%90%D7%99?fbclid=IwAR3pXQLM0gc5nrmRDvD-Tt0erNLWx4bLIrna300hh5jw7enj7nSW4L16k9M,,
23/10/2021,וירוס קורונה - מדברים על הכל-Covid 19-talk about everything,yes,החיסונים זה ממש לא הקורונה. אין בהם וירוס. תופעות לוואי של חיסונים הן כלום לעומת תופעות ארוכות טווח של החלמה מקורונה.,1,,,https://www.the-people-committee.com/%D7%93%D7%95-%D7%97-%D7%AA%D7%95%D7%A4%D7%A2%D7%95%D7%AA-%D7%9C%D7%95%D7%95%D7%90%D7%99?fbclid=IwAR3pXQLM0gc5nrmRDvD-Tt0erNLWx4bLIrna300hh5jw7enj7nSW4L16k9M,,
23/10/2021,וירוס קורונה - מדברים על הכל-Covid 19-talk about everything,yes,יש קרונה אבל זה לא מגיפה מגיפה זה אנשים שמתים,0,הקורונה היא מגיפה,,https://www.the-people-committee.com/%D7%93%D7%95-%D7%97-%D7%AA%D7%95%D7%A4%D7%A2%D7%95%D7%AA-%D7%9C%D7%95%D7%95%D7%90%D7%99?fbclid=IwAR3pXQLM0gc5nrmRDvD-Tt0erNLWx4bLIrna300hh5jw7enj7nSW4L16k9M,,
23/10/2021,וירוס קורונה - מדברים על הכל-Covid 19-talk about everything,yes,יש מיליונים שאיבדו את חייהם לקורונה.,1,,,https://www.the-people-committee.com/%D7%93%D7%95-%D7%97-%D7%AA%D7%95%D7%A4%D7%A2%D7%95%D7%AA-%D7%9C%D7%95%D7%95%D7%90%D7%99?fbclid=IwAR3pXQLM0gc5nrmRDvD-Tt0erNLWx4bLIrna300hh5jw7enj7nSW4L16k9M,,
23/10/2021,וירוס קורונה - מדברים על הכל-Covid 19-talk about everything,yes,"ההגדרה של מגפה היא מחלה שמתפשטת במהירות וללא שליטה. גם אם הייתה גובה פחות ממאה אלף קורבנות בכל העולם, עצם ההתפשטות המהירה שלה הוא שהופך אותה למגיפה, ולא מספר המתים.",1,הגדרה,,https://www.the-people-committee.com/%D7%93%D7%95-%D7%97-%D7%AA%D7%95%D7%A4%D7%A2%D7%95%D7%AA-%D7%9C%D7%95%D7%95%D7%90%D7%99?fbclid=IwAR3pXQLM0gc5nrmRDvD-Tt0erNLWx4bLIrna300hh5jw7enj7nSW4L16k9M,,
23/10/2021,וירוס קורונה - מדברים על הכל-Covid 19-talk about everything,yes,"לפני שהומצאו החיסונים היו מיליוני אנשים ברחבי העולם שמתים כל שנה מעשרות וירוסים קטלניים,את חיה בעולם סטרילי, בטוח מפני עשרות הפתוגנים האלה בזכות האוכלוסיה המחוסנת שסביבך, את מוזמנת לנסוע לאפריקה למדינות שאין בהם מערכת שמחסנת ותראי במו עיניך מה זה ילדים שגוססים משחפת,שעלת, צהבת, ועוד עשרות פתוגנים אחרים שאת בכלל לא מכירה.",,,אולי להשאיר רק את המשפט הראשון,https://www.the-people-committee.com/%D7%93%D7%95-%D7%97-%D7%AA%D7%95%D7%A4%D7%A2%D7%95%D7%AA-%D7%9C%D7%95%D7%95%D7%90%D7%99?fbclid=IwAR3pXQLM0gc5nrmRDvD-Tt0erNLWx4bLIrna300hh5jw7enj7nSW4L16k9M,,
23/10/2021,וירוס קורונה - מדברים על הכל-Covid 19-talk about everything,yes,לפני שהומצאו החיסונים היו מיליוני אנשים ברחבי העולם שמתים כל שנה מעשרות וירוסים קטלניים.,1,,אותו הפוסט - רק המשפט הראשון,https://www.the-people-committee.com/%D7%93%D7%95-%D7%97-%D7%AA%D7%95%D7%A4%D7%A2%D7%95%D7%AA-%D7%9C%D7%95%D7%95%D7%90%D7%99?fbclid=IwAR3pXQLM0gc5nrmRDvD-Tt0erNLWx4bLIrna300hh5jw7enj7nSW4L16k9M,,
23/10/2021,וירוס קורונה - מדברים על הכל-Covid 19-talk about everything,yes,"אמור להיות חיסון שמחסן מפני המחלה,,, אבל הוא לא.",0,"מהגדרה, החיסון מחסן מפני מחלה",חלק מתגובה,https://www.the-people-committee.com/%D7%93%D7%95-%D7%97-%D7%AA%D7%95%D7%A4%D7%A2%D7%95%D7%AA-%D7%9C%D7%95%D7%95%D7%90%D7%99?fbclid=IwAR3pXQLM0gc5nrmRDvD-Tt0erNLWx4bLIrna300hh5jw7enj7nSW4L16k9M,,
23/10/2021,וירוס קורונה - מדברים על הכל-Covid 19-talk about everything,yes,הרבה דיווחו שלא הרגישו רע בשני החיסונים הראשונים ובשלישי נפלו למשכב,,,,https://www.the-people-committee.com/%D7%93%D7%95-%D7%97-%D7%AA%D7%95%D7%A4%D7%A2%D7%95%D7%AA-%D7%9C%D7%95%D7%95%D7%90%D7%99?fbclid=IwAR3pXQLM0gc5nrmRDvD-Tt0erNLWx4bLIrna300hh5jw7enj7nSW4L16k9M,,
23/10/2021,וירוס קורונה - מדברים על הכל-Covid 19-talk about everything,yes,"כי מערכת החיסון שלך מתנהגת כאילו היא מותקפת ע״י וירוס. זו תגובה טבעית בדכ להרבה חיסונים. יש כאלה שהתגובה אצלם חלשה יותר והגוף מייצר נוגדנים מהר יותר, ויש כאלה שלא.",1,,,https://www.the-people-committee.com/%D7%93%D7%95-%D7%97-%D7%AA%D7%95%D7%A4%D7%A2%D7%95%D7%AA-%D7%9C%D7%95%D7%95%D7%90%D7%99?fbclid=IwAR3pXQLM0gc5nrmRDvD-Tt0erNLWx4bLIrna300hh5jw7enj7nSW4L16k9M,,
23/10/2021,וירוס קורונה - מדברים על הכל-Covid 19-talk about everything,yes,זה לא נוגדנים אלא שכפול עצום של ספייקים שגורמים למערכת החיסונית לתקוף את תאי הגוף עצמם. שבתוכם נמצאים הספייקים המשוכפלים,,,,https://www.the-people-committee.com/%D7%93%D7%95-%D7%97-%D7%AA%D7%95%D7%A4%D7%A2%D7%95%D7%AA-%D7%9C%D7%95%D7%95%D7%90%D7%99?fbclid=IwAR3pXQLM0gc5nrmRDvD-Tt0erNLWx4bLIrna300hh5jw7enj7nSW4L16k9M,,
23/10/2021,וירוס קורונה - מדברים על הכל-Covid 19-talk about everything,yes,עד שתבינו שבורא עולם ברא את האדם מחוסן באופן טבעי תמשיכו להקשיב למשרד ההשמדה !!@@,0,,,https://www.the-people-committee.com/%D7%93%D7%95-%D7%97-%D7%AA%D7%95%D7%A4%D7%A2%D7%95%D7%AA-%D7%9C%D7%95%D7%95%D7%90%D7%99?fbclid=IwAR3pXQLM0gc5nrmRDvD-Tt0erNLWx4bLIrna300hh5jw7enj7nSW4L16k9M,,
23/10/2021,וירוס קורונה - מדברים על הכל-Covid 19-talk about everything,yes,אף אחד לא יודע מה הסיכוי שלך ספציפית. יודעים סטטיסטית. עד כה אלו שלקחו את הסיכון הזה לא מאושרים מהתוצאות. חוץ מסדי בן שטרית אבל הוא היה אידיוט עוד לפני הקורונה.,,,"מצד אחד הטענה על הסטטיסטיקה נכונה, מצד שני לטעון על אחרים שהם לא מאושרים מריח כמו פייק",https://www.the-people-committee.com/%D7%93%D7%95-%D7%97-%D7%AA%D7%95%D7%A4%D7%A2%D7%95%D7%AA-%D7%9C%D7%95%D7%95%D7%90%D7%99?fbclid=IwAR3pXQLM0gc5nrmRDvD-Tt0erNLWx4bLIrna300hh5jw7enj7nSW4L16k9M,,
23/10/2021,וירוס קורונה - מדברים על הכל-Covid 19-talk about everything,yes,זה שיש לך תופעות לוואי זה כי לצערי נפלת על החי0ון החזק ולא החלש או הפלציבו,0,אבחון בפייסבוק + קונספירציה,,https://www.the-people-committee.com/%D7%93%D7%95-%D7%97-%D7%AA%D7%95%D7%A4%D7%A2%D7%95%D7%AA-%D7%9C%D7%95%D7%95%D7%90%D7%99?fbclid=IwAR3pXQLM0gc5nrmRDvD-Tt0erNLWx4bLIrna300hh5jw7enj7nSW4L16k9M,,
23/10/2021,וירוס קורונה - מדברים על הכל-Covid 19-talk about everything,yes,"אין בחיסון חיידקים יכול להיות וירוס מוחלש או ""מומת"" ובטכנולוגיה החדשה של פייזר אין לא מומת ולא מוחלש זה בשיטת mRNA.",1,,,https://www.the-people-committee.com/%D7%93%D7%95-%D7%97-%D7%AA%D7%95%D7%A4%D7%A2%D7%95%D7%AA-%D7%9C%D7%95%D7%95%D7%90%D7%99?fbclid=IwAR3pXQLM0gc5nrmRDvD-Tt0erNLWx4bLIrna300hh5jw7enj7nSW4L16k9M,,
23/10/2021,וירוס קורונה - מדברים על הכל-Covid 19-talk about everything,yes,כל גוף מגיב אחרת לחיסון. דווקא ההיגיון אומר שאם את סובלת מסימפטומים אז מערכת החיסון שלך מתפקדת טוב.,,"טענה שמבוססת על אינטואיציה, אבל צריך לבדוק",,https://www.the-people-committee.com/%D7%93%D7%95-%D7%97-%D7%AA%D7%95%D7%A4%D7%A2%D7%95%D7%AA-%D7%9C%D7%95%D7%95%D7%90%D7%99?fbclid=IwAR3pXQLM0gc5nrmRDvD-Tt0erNLWx4bLIrna300hh5jw7enj7nSW4L16k9M,,
27/10/2021,מדברים על חיסונים,yes,לפני כמה ימים לא היה חיסון כי הוא לא אושר. אתמול היה דיון חירום שאישר את החיסון ואת המינון לילדים. וזה אחרי כמובן הניסוי שהם עשו ובדקו. כבר הרבה זמן מדברים על זה ומחכים לזה.,1,,,https://www.facebook.com/groups/171810053014040/permalink/1758547624340267,,
27/10/2021,מדברים על חיסונים,yes,"המינון הוא שליש המינון של המבוגר. אותו חיסון, אותו בקבוק אותה תרכובת רק שליש מנה",1,,תגובה של תגובה,https://www.facebook.com/groups/171810053014040/permalink/1758547624340267,,
27/10/2021,מדברים על חיסונים,yes,"הבוסטר הוכח כבטוח בניסוי של פייזר שהסתיים ביולי. ולאחר משרד הבריאות החל לאשר את השימוש בו בלי לחכות לתוצאות של *יעילות* ואכן היעילות הוכחה פה רק בדיעבד. ההצדקה לשימוש בו הייתה הבטיחות שלו ובניהול סיכונים ובהבנה של המנגנונים של המחלה ידעו המומחים שיהיה שיפור ביעילות גם אם לא ידעו בכמה.
הfda בדיון על הבוסטר בחר איזו אוכלוסיה להמליץ, לא איזו אוכלוסיה לאשר. בעיקרון אנשים באמריקה חופשיים להתחסן חיסון 3 גם אם לא הומלץ להם. וגם להבנתי אנשים גם עשו רביעי (בתחמון) ובעצם הfda אמרה בהמלצה שזה מיותר.
הניסוי של גילאי 5-11 התחיל כבר בינואר.
כבר בקיץ פה חיסנו באישור חירום של משרד הבריאות ילדים מתחת לגיל 11 בסיכון משמעותי (להבנתי כ500). לפי המינון שפייזר בדקו במקביל בניסוי שלהם.
מה שהשתנה זה רק שתוצאות המחקר והניסוי פורסמו ונדונו בגוף שמאשר תרופות וחיסונים. באותה מידה פייזר יכלו להעביר רק למשרד הבריאות את המחקר והוא היה מאשר בלי FDA. אבל זה יותר טוב שהאמריקאים מאשרים כי זה אישור שהרבה מדינות מאמצות לעומת אישור בישראל שייתן אישור רק בישראל.",,,פוצל רק שתי פסקאות ראשונות - השאר אינן ממש מתאימות או ניתנות להוכחה או הפרכה,https://www.facebook.com/groups/171810053014040/permalink/1758547624340267,,
27/10/2021,מדברים על חיסונים,yes,הבוסטר הוכח כבטוח בניסוי של פייזר שהסתיים ביולי. ולאחר משרד הבריאות החל לאשר את השימוש בו בלי לחכות לתוצאות של *יעילות* ואכן היעילות הוכחה פה רק בדיעבד. ההצדקה לשימוש בו הייתה הבטיחות שלו ובניהול סיכונים ובהבנה של המנגנונים של המחלה ידעו המומחים שיהיה שיפור ביעילות גם אם לא ידעו בכמה.,1,,חלק 1,https://www.facebook.com/groups/171810053014040/permalink/1758547624340267,,
27/10/2021,מדברים על חיסונים,yes,"הfda בדיון על הבוסטר בחר איזו אוכלוסיה להמליץ, לא איזו אוכלוסיה לאשר. בעיקרון אנשים באמריקה חופשיים להתחסן חיסון 3 גם אם לא הומלץ להם. וגם להבנתי אנשים גם עשו רביעי (בתחמון) ובעצם הfda אמרה בהמלצה שזה מיותר.",1,,חלק 2,https://www.facebook.com/groups/171810053014040/permalink/1758547624340267,,
27/10/2021,מדברים על חיסונים,yes,"לדים חולים. זה וירוס אלים במיוחד וייתכן שיהיו לו השלכות גם בעוד שנים כמו וירוסים אחרים.
בנוסף שומעים עכשו על יותר ויותר ילדים שחלו קל או ללא תסמינים ולאחר תקופה נתקפו בתסמונת פימס שמובילה לקריסת מערכות.
באמת לא מבינה למה לא לחסן.",1,,,https://www.facebook.com/groups/171810053014040/permalink/1758495537678809,,
22/10/2021,מדברים על חיסונים,no,"החיסון של פייזר נגד קורונה הציג יעילות בשיעור של 90.7% במחקר שבוצע על ילדים בני 11-5, כך הודיעה החברה.
לא נרשמו מקרים של חולי קשה בקרב הנבדקים, אולם תסמיני המחלה היו קלים בהרבה מאלה של הלא מחוסנים. כמו כן, הילדים המחוסנים פיתחו רמות של נוגדנים בדם, דומות לאלו של בני נוער ומבוגרים צעירים.",1,,"נוסף מקור
https://www.kan.org.il/Item/?itemId=115304",https://www.facebook.com/groups/171810053014040/permalink/1755149711346725,,
24/10/2021,מדברים על חיסונים,yes,"מחוסנים נדבקים ומדביקים כמו לא מחוסנים וזה כבר ידוע מלא חודשים.
ילדים לא חולים קשה בקורונה ולא מתים מקורונה.
אז מה מטרת החיסון?",0,,,https://www.facebook.com/groups/171810053014040/permalink/1755149711346725,,
25/10/2021,מדברים על חיסונים,yes,מחלימים בהחלט נדבקים שוב.,1,,"פוסט שחולק ל-2, חלק 1",https://www.facebook.com/groups/171810053014040/permalink/1756363877891975,,
25/10/2021,מדברים על חיסונים,yes,"באיראן כמעט של האוכלוסיה כבר חלו לפחות פעם אחת, ולמרות זאת, אין חסינות עדר ויש להם התפרצות רצינית עכשיו עם מלא מקרי מוות.",1,,"פוסט שחולק ל-2, חלק 2
נוסף מקור:
https://www.newscientist.com/article/2294215-nearly-every-person-in-iran-seems-to-have-had-covid-19-at-least-once/?fbclid=IwAR1R4YvMxOz5MPK-1eL8ZyjDowrcx7YGpjwHrxPhFdNMQlV6eHvaVbGOAEE",https://www.facebook.com/groups/171810053014040/permalink/1756363877891975,,
24/10/2021,מדברים על חיסונים,no,"רשויות הבריאות בארץ החליטו לא להנחות לעשות aspiration- שאיפה- בזמן החיסון לקורונה. זו משיכה של הבוכנה אחורה לפני שמזריקים החומר של החיסון, על מנת לוודא שלא יוצא דם, משמע - לא הייתה חדירה לכלי דם. יש מחקרים שמרמזים שחדירה כזאת יכולה לתרום לדלקות בלב ולכרישי דם - אותן תופעות לוואי (נדירות, אבל קיימות ), של החיסונים. חושדים שחלק מאלה שמקבלים החיסון (בלי כוונה ובלי שהמזריק יכול לדעת) לוריד, זאת אומרת, למחזור הדם - עלולים לפתח אותן תופעות לוואי. לכן בדנמרק, בהודו ובסין עושים aspiration בזמן החיסון. מדובר בשינוי קטן באופן מתן הזריקה, לדעתי היו צריכים לנסות את זה ולראות אם זה מפחית את אותן תופעות לוואי.",,"קישור להנחיות של משרד הבריאות משנת 2014 לגבי חיסונים, החלק הקשור למושג השאיפה נמצא בפרק 12 (עמ' 19 בpdf) ובו נאמר שאין צורך לעשות את השאיפה בחיסון תוך-שרירי (כמו חיסון הקורונה) כי לא יימצאו שם כלי דם.
קישור: https://www.health.gov.il/PublicationsFiles/TadrichHisunim_21072014.pdf",הפוסט מפוצל,https://www.facebook.com/groups/171810053014040/permalink/1756063711255325,,
24/10/2021,מדברים על חיסונים,no,"רשויות הבריאות בארץ החליטו לא להנחות לעשות aspiration- שאיפה- בזמן החיסון לקורונה. זו משיכה של הבוכנה אחורה לפני שמזריקים החומר של החיסון, על מנת לוודא שלא יוצא דם, משמע - לא הייתה חדירה לכלי דם.",1,"קישור להנחיות של משרד הבריאות משנת 2014 לגבי חיסונים, החלק הקשור למושג השאיפה נמצא בפרק 12 (עמ' 19 בpdf) ובו נאמר שאין צורך לעשות את השאיפה בחיסון תוך-שרירי (כמו חיסון הקורונה) כי לא יימצאו שם כלי דם.
קישור: https://www.health.gov.il/PublicationsFiles/TadrichHisunim_21072014.pdf",חלק 1,https://www.facebook.com/groups/171810053014040/permalink/1756063711255325,,
24/10/2021,מדברים על חיסונים,no,"יש מחקרים שמרמזים שחדירה כזאת יכולה לתרום לדלקות בלב ולכרישי דם - אותן תופעות לוואי (נדירות, אבל קיימות ), של החיסונים. חושדים שחלק מאלה שמקבלים החיסון (בלי כוונה ובלי שהמזריק יכול לדעת) לוריד, זאת אומרת, למחזור הדם - עלולים לפתח אותן תופעות לוואי.",0,"קישור להנחיות של משרד הבריאות משנת 2014 לגבי חיסונים, החלק הקשור למושג השאיפה נמצא בפרק 12 (עמ' 19 בpdf) ובו נאמר שאין צורך לעשות את השאיפה בחיסון תוך-שרירי (כמו חיסון הקורונה) כי לא יימצאו שם כלי דם.
קישור: https://www.health.gov.il/PublicationsFiles/TadrichHisunim_21072014.pdf
לא ייתכן - אין כלי דם גדולים בתוך השריר",חלק 2,https://www.facebook.com/groups/171810053014040/permalink/1756063711255325,,
26/10/2021,מדברים על חיסונים,yes,באף חיסון אין הנחיה למשוך את הבוכנה לאחור כיוון שהחיסונים ניתנים בשריר הדלטואיד ובמיקום ההזרקה הסיכוי לפגיעה בכלי דם אפסי מבחינה אנטומית בניגוד להזרקה בעכוז.,1,"קישור להנחיות של משרד הבריאות משנת 2014 לגבי חיסונים, החלק הקשור למושג השאיפה נמצא בפרק 12 (עמ' 19 בpdf) ובו נאמר שאין צורך לעשות את השאיפה בחיסון תוך-שרירי (כמו חיסון הקורונה) כי לא יימצאו שם כלי דם.
קישור: https://www.health.gov.il/PublicationsFiles/TadrichHisunim_21072014.pdf",,https://www.facebook.com/groups/171810053014040/permalink/1756063711255325,,
01/07/2021,חיסון הקורונה בישראל - הקבוצה הרשמית,yes,הקורונה פחות מסוכנת לילדים משפעת. והחיסונים מעלים ב 200 אחוז את הסיכון שלהם לחלות בדלקת בשריר הלב.,,,תיקון של שגיאות כתיב,https://www.facebook.com/groups/184901829584059/permalink/550524843021754,,
27/10/2021,וירוס הקורונה - Covid 19 - דיווחים ודיונים,yes,הסיבה שממשלות העולם כל כך רוצים להזריק לילדים זריקת mRNA כי היא משנה גנים וכך הילדים יהיו שייכים לממשלות העולם לצורכי עיקור והנדסה גנטית.,0,,חלק מתגובה,https://www.facebook.com/groups/336084457286212/permalink/674526343442020,,
27/10/2021,וירוס הקורונה - Covid 19 - דיווחים ודיונים,yes,"למה אתה אומר שהחיסון נגד קורונה בטוח, זה שקר גדול, כל שאר החיסונים עברו מחקרי בטיחות בחיות לפחות 10 שנים לפני שיצאו לשימוש באנשים, הזריקה הניסיונית הזו נגד קורונה דילגה על מחקר חיות , אני חוזר עוד פעם, דילגה על מחקר חיות לראשונה בהסטוריה הרפואית, אז מי אלו החיות שכן מנסות את הזריקה הזו הם בני האדם, ואז אופס למישהו יש דלקת בכבד,. לא נורא נביא הולך על 2 חדש יש לנו הרבה מאלו, אתה ממש מטעה את הציבור",0,"זירוז העניינים היה רק בבירוקרטיה, כל הניסויים שהיו צריכות לעשות אכן נעשו.",,https://www.facebook.com/groups/336084457286212/permalink/675976373297017,,
27/10/2021,קונספיל - אל תאמין בכלום עד שלא הוכחת בעצמך,no,"בעולם התגלתה אצל מאות-אלפים ""מחוסנים"" עם תופעות לוואי והפרעת עצבים אוטואימונית נדירה עם הנגיף הקורונה בגופם ""שמדבקים"" אחרים (ומתחסלים). ומשרד הבריאות והתקשורת, סתימת פיות ושתיקת הכבשים והשקרים, וממשיכים ""בזריקות"" הרעל ו""הניסויים המהונדסים"" - ""בידיעה"" ו""בכפייה"" להדביק ולחסל את אזרחיה, ""במסווה של הגנת הציבור"" ובזדון, והכל בעבור חופן דולרים, של ""פשעים נגד האנושות"", ""בפיתרון הסופי"", של השואה השקטה המודרנית !!! אז הגיע הזמן למשפט בינלאומי נירנברג 2 !!!",0,קונספירציה,,https://www.facebook.com/groups/48012808906/permalink/10158509771883907,,